Benchmark,Device,Device Name,Key,Word,BlockBits,PatternBitsPerWord,HorizontalLayout,VerticalLayout,NumInputs,FilterSizeMB,Skipped,FalsePositiveRate,PatternBits,Samples,CPU Time (sec),Noise,GPU Time (sec),Noise,Elem/s (elem/sec),Samples,Batch GPU (sec)
pfp_bloom_filter_contains_pattern_bits,0,NVIDIA RTX PRO 6000 Blackwell Server Edition,I64,U32,32,1,1,1,1000000000,1024,No,0.393468507,1,11,0.06773587090909092,0.00013136153138006555,0.06772477306019174,0.00012974258127874174,14765645639.170029,12,0.06765525245666502
pfp_bloom_filter_contains_pattern_bits,0,NVIDIA RTX PRO 6000 Blackwell Server Edition,I64,U32,32,2,1,1,1000000000,1024,No,0.164227706,2,11,0.06773920836363637,9.402367151291743e-05,0.06772868693958631,9.438021995354187e-05,14764792367.700788,12,0.06765678850809732
pfp_bloom_filter_contains_pattern_bits,0,NVIDIA RTX PRO 6000 Blackwell Server Edition,I64,U32,32,3,1,1,1000000000,1024,No,0.078085263,3,11,0.06773827663636364,0.00010863874099301665,0.06772751062566584,0.0001038153962072509,14765048807.523167,12,0.06765585009256998
pfp_bloom_filter_contains_pattern_bits,0,NVIDIA RTX PRO 6000 Blackwell Server Edition,I64,U32,32,4,1,1,1000000000,1024,No,0.042817722,4,11,0.06773826472727272,7.87528811200909e-05,0.06772856972434303,7.584232659246176e-05,14764817920.56181,12,0.06765644645690917
pfp_bloom_filter_contains_pattern_bits,0,NVIDIA RTX PRO 6000 Blackwell Server Edition,I64,U32,32,5,1,1,1000000000,1024,No,0.026633896,5,11,0.06773754581818182,0.00012140251068498346,0.06772818617387251,0.00011843586050366028,14764901534.979683,12,0.0676543108622233
pfp_bloom_filter_contains_pattern_bits,0,NVIDIA RTX PRO 6000 Blackwell Server Edition,I64,U32,32,6,1,1,1000000000,1024,No,0.018380586,6,11,0.06773488227272728,7.38571463062966e-05,0.06772435136274858,6.733840098403395e-05,14765737580.028631,12,0.06765905062357584
pfp_bloom_filter_contains_pattern_bits,0,NVIDIA RTX PRO 6000 Blackwell Server Edition,I64,U32,32,7,1,1,1000000000,1024,No,0.013766786,7,11,0.06773661190909092,9.41181001885836e-05,0.0677255269830877,9.654644922760331e-05,14765481267.494873,12,0.06765858141581217
pfp_bloom_filter_contains_pattern_bits,0,NVIDIA RTX PRO 6000 Blackwell Server Edition,I64,U32,32,8,1,1,1000000000,1024,No,0.011009401,8,11,0.06773708763636364,8.527408668873502e-05,0.0677268357710405,8.780281123294876e-05,14765195931.796251,12,0.06765418243408201
pfp_bloom_filter_contains_pattern_bits,0,NVIDIA RTX PRO 6000 Blackwell Server Edition,I64,U32,32,9,1,1,1000000000,1024,No,0.009271107,9,11,0.06773634227272728,9.935618008602513e-05,0.0677255269830877,0.00010269053351777173,14765481267.494873,12,0.0676584103902181
pfp_bloom_filter_contains_pattern_bits,0,NVIDIA RTX PRO 6000 Blackwell Server Edition,I64,U32,32,10,1,1,1000000000,1024,No,0.008132744,10,11,0.06774097672727274,0.0001011006318346061,0.06773056168989702,0.00010668377266812937,14764383685.144667,12,0.06765798505147298
pfp_bloom_filter_contains_pattern_bits,0,NVIDIA RTX PRO 6000 Blackwell Server Edition,I64,U32,32,11,1,1,1000000000,1024,No,0.007361826,11,11,0.06773436481818182,7.038854047550974e-05,0.06772390955144708,7.331362881292196e-05,14765833907.452448,12,0.0676564032236735
pfp_bloom_filter_contains_pattern_bits,0,NVIDIA RTX PRO 6000 Blackwell Server Edition,I64,U32,32,12,1,1,1000000000,1024,No,0.00684943,12,11,0.06773836818181819,8.293164171030429e-05,0.06772765974564986,8.170015654374187e-05,14765016298.44415,12,0.06765892791748047
pfp_bloom_filter_contains_pattern_bits,0,NVIDIA RTX PRO 6000 Blackwell Server Edition,I64,U32,32,13,1,1,1000000000,1024,No,0.006504116,13,11,0.06774186690909091,7.126685576034437e-05,0.06773139260031959,7.513985607224609e-05,14764202559.675137,12,0.06765892219543455
pfp_bloom_filter_contains_pattern_bits,0,NVIDIA RTX PRO 6000 Blackwell Server Edition,I64,U32,32,14,1,1,1000000000,1024,No,0.006273205,14,11,0.06773925390909091,5.334081622181483e-05,0.0677290829745206,5.8170415511791356e-05,14764706032.948887,12,0.06765947977701824
pfp_bloom_filter_contains_pattern_bits,0,NVIDIA RTX PRO 6000 Blackwell Server Edition,I64,U32,32,15,1,1,1000000000,1024,No,0.00613809,15,11,0.06773627927272728,0.00010581603302059703,0.06772617062655363,0.00011044186056106603,14765340942.042376,12,0.06765764172871908
pfp_bloom_filter_contains_pattern_bits,0,NVIDIA RTX PRO 6000 Blackwell Server Edition,I64,U32,32,16,1,1,1000000000,1024,No,0.006073422,16,11,0.067740533,0.00010453442141618969,0.06772955044833097,0.00010578343736243354,14764604125.977077,12,0.06765889930725098
pfp_bloom_filter_contains_pattern_bits,0,NVIDIA RTX PRO 6000 Blackwell Server Edition,I64,U32,32,17,1,1,1000000000,1024,No,0.006061139,17,11,0.06773912236363637,9.737721375071591e-05,0.06772843100807882,9.833170049864816e-05,14764848160.74829,12,0.06766256205240885
pfp_bloom_filter_contains_pattern_bits,0,NVIDIA RTX PRO 6000 Blackwell Server Edition,I64,U32,32,18,1,1,1000000000,1024,No,0.00609164,18,11,0.06773899145454546,8.728035997082851e-05,0.06772853573885831,8.671155023711908e-05,14764825329.396038,12,0.06766028849283855
pfp_bloom_filter_contains_pattern_bits,0,NVIDIA RTX PRO 6000 Blackwell Server Edition,I64,U32,32,19,1,1,1000000000,1024,No,0.006157835,19,11,0.06773634672727273,0.00011747742015280197,0.06772598682750354,0.00011000703657123793,14765381013.154905,12,0.06765619150797526
pfp_bloom_filter_contains_pattern_bits,0,NVIDIA RTX PRO 6000 Blackwell Server Edition,I64,U32,32,20,1,1,1000000000,1024,No,0.006254759,20,11,0.06773744500000002,6.182915230220433e-05,0.06772647927024149,6.350407771968741e-05,14765273653.304943,12,0.06766229947408041
pfp_bloom_filter_contains_pattern_bits,0,NVIDIA RTX PRO 6000 Blackwell Server Edition,I64,U32,64,1,1,1,1000000000,1024,No,0.160605115,2,11,0.06774328145454546,8.112686243722572e-05,0.06773274161598898,7.951240641914219e-05,14763908504.833652,12,0.06766031837463378
pfp_bloom_filter_contains_pattern_bits,0,NVIDIA RTX PRO 6000 Blackwell Server Edition,I64,U32,64,2,1,1,1000000000,1024,No,0.033969855,4,11,0.06774706463636365,8.861797410990557e-05,0.06773786232688211,9.39028066422224e-05,14762792412.525616,12,0.06767044258117676
pfp_bloom_filter_contains_pattern_bits,0,NVIDIA RTX PRO 6000 Blackwell Server Edition,I64,U32,64,3,1,1,1000000000,1024,No,0.01061338,6,11,0.06774476563636364,8.722930213505339e-05,0.06773399699818003,8.655470879074147e-05,14763634870.490065,12,0.06766323471069335
pfp_bloom_filter_contains_pattern_bits,0,NVIDIA RTX PRO 6000 Blackwell Server Edition,I64,U32,64,4,1,1,1000000000,1024,No,0.004618382,8,11,0.06774287172727272,7.717368134122715e-05,0.06773188018798827,7.75409035227675e-05,14764096275.262447,12,0.06766292889912923
pfp_bloom_filter_contains_pattern_bits,0,NVIDIA RTX PRO 6000 Blackwell Server Edition,I64,U32,64,5,1,1,1000000000,1024,No,0.002562818,10,11,0.06774203245454546,7.239926099759307e-05,0.06773135237260298,7.415874942293646e-05,14764211328.58548,12,0.06766434224446614
pfp_bloom_filter_contains_pattern_bits,0,NVIDIA RTX PRO 6000 Blackwell Server Edition,I64,U32,64,6,1,1,1000000000,1024,No,0.001704498,12,11,0.06774508463636364,9.78815543380249e-05,0.06773502072420988,9.755262311292282e-05,14763411737.50582,12,0.06766822497049967
pfp_bloom_filter_contains_pattern_bits,0,NVIDIA RTX PRO 6000 Blackwell Server Edition,I64,U32,64,7,1,1,1000000000,1024,No,0.001287367,14,11,0.0677436700909091,7.725218209666004e-05,0.0677333027232777,7.073466610291355e-05,14763786199.61098,12,0.06766532325744629
pfp_bloom_filter_contains_pattern_bits,0,NVIDIA RTX PRO 6000 Blackwell Server Edition,I64,U32,64,8,1,1,1000000000,1024,No,0.001066276,16,11,0.06774571290909091,8.120514333742634e-05,0.06773466214266691,8.11897419514251e-05,14763489893.752457,12,0.06766557947794598
pfp_bloom_filter_contains_pattern_bits,0,NVIDIA RTX PRO 6000 Blackwell Server Edition,I64,U32,64,9,1,1,1000000000,1024,No,0.00094244,18,11,0.06774397109090909,8.763051002882137e-05,0.06773286646062676,8.956970509933386e-05,14763881292.124287,12,0.06766433970133463
pfp_bloom_filter_contains_pattern_bits,0,NVIDIA RTX PRO 6000 Blackwell Server Edition,I64,U32,64,10,1,1,1000000000,1024,No,0.000876409,20,11,0.06774130454545456,8.907550076951956e-05,0.06773009976473722,8.562796779994308e-05,14764484379.523043,12,0.06766019630432128
pfp_bloom_filter_contains_pattern_bits,0,NVIDIA RTX PRO 6000 Blackwell Server Edition,I64,U32,64,11,1,1,1000000000,1024,No,0.000843179,22,11,0.06774963472727273,0.00010744358146506054,0.0677388590032404,0.00011034680607027662,14762575200.036411,12,0.06767095502217611
pfp_bloom_filter_contains_pattern_bits,0,NVIDIA RTX PRO 6000 Blackwell Server Edition,I64,U32,64,12,1,1,1000000000,1024,No,0.000837335,24,11,0.06775145927272727,0.0001439378102475442,0.0677410326871005,0.0001425214149876935,14762101496.430593,12,0.06766885566711427
pfp_bloom_filter_contains_pattern_bits,0,NVIDIA RTX PRO 6000 Blackwell Server Edition,I64,U32,64,13,1,1,1000000000,1024,No,0.000848909,26,11,0.06774985381818183,0.00011681470122401199,0.06773886039040306,0.0001177456206603539,14762574897.727032,12,0.06766654904683432
pfp_bloom_filter_contains_pattern_bits,0,NVIDIA RTX PRO 6000 Blackwell Server Edition,I64,U32,64,14,1,1,1000000000,1024,No,0.000873737,28,11,0.06774882463636366,8.034772972758433e-05,0.06773870086669921,7.91078848606362e-05,14762609663.386776,12,0.0676710402170817
pfp_bloom_filter_contains_pattern_bits,0,NVIDIA RTX PRO 6000 Blackwell Server Edition,I64,U32,64,15,1,1,1000000000,1024,No,0.000907236,30,11,0.06774781336363636,0.00010830048200850649,0.06773700991543856,9.941702906057441e-05,14762978189.447374,12,0.06766758346557618
pfp_bloom_filter_contains_pattern_bits,0,NVIDIA RTX PRO 6000 Blackwell Server Edition,I64,U32,64,16,1,1,1000000000,1024,No,0.000952453,32,11,0.06775302354545455,0.00011357688405546035,0.06774235118519177,0.00011257964142372098,14761814175.392784,12,0.067667662302653
pfp_bloom_filter_contains_pattern_bits,0,NVIDIA RTX PRO 6000 Blackwell Server Edition,I64,U32,64,17,1,1,1000000000,1024,No,0.001005336,34,11,0.06774985872727272,0.00010068821010675455,0.06773906569047408,9.847754654243758e-05,14762530156.075457,12,0.06766583251953125
pfp_bloom_filter_contains_pattern_bits,0,NVIDIA RTX PRO 6000 Blackwell Server Edition,I64,U32,64,18,1,1,1000000000,1024,No,0.001065577,36,11,0.06774497036363637,7.86644585757151e-05,0.06773422518643465,7.964759469305132e-05,14763585133.624193,12,0.06766927528381349
pfp_bloom_filter_contains_pattern_bits,0,NVIDIA RTX PRO 6000 Blackwell Server Edition,I64,U32,64,19,1,1,1000000000,1024,No,0.001132137,38,11,0.06774295063636364,9.782874951677017e-05,0.06773192110928622,9.850296032792749e-05,14764087355.303102,12,0.06766600545247396
pfp_bloom_filter_contains_pattern_bits,0,NVIDIA RTX PRO 6000 Blackwell Server Edition,I64,U32,64,20,1,1,1000000000,1024,No,0.001208374,40,11,0.06774956781818182,0.00011259339228887643,0.06773821050470526,0.00011301993404385016,14762716531.027014,12,0.06766643142700195
pfp_bloom_filter_contains_pattern_bits,0,NVIDIA RTX PRO 6000 Blackwell Server Edition,I64,U32,128,1,1,1,1000000000,1024,No,0.0293621,4,11,0.06773296463636364,8.922379959069647e-05,0.06772199249267578,9.031595871633166e-05,14766251895.322649,12,0.06765315500895182
pfp_bloom_filter_contains_pattern_bits,0,NVIDIA RTX PRO 6000 Blackwell Server Edition,I64,U32,128,2,1,1,1000000000,1024,No,0.002237228,8,11,0.06771879872727272,0.00010916314754874614,0.06770880335027521,0.00011261113515713212,14769128245.063503,12,0.06763677978515624
pfp_bloom_filter_contains_pattern_bits,0,NVIDIA RTX PRO 6000 Blackwell Server Edition,I64,U32,128,3,1,1,1000000000,1024,No,0.000439899,12,11,0.06771397345454547,9.785326634310268e-05,0.0677033192027699,0.00010042970554119194,14770324583.422901,12,0.06763773028055828
pfp_bloom_filter_contains_pattern_bits,0,NVIDIA RTX PRO 6000 Blackwell Server Edition,I64,U32,128,4,1,1,1000000000,1024,No,0.00016368,16,11,0.06771702945454545,8.691031571701547e-05,0.06770616843483666,8.564397492126512e-05,14769703014.023651,12,0.06763866360982258
pfp_bloom_filter_contains_pattern_bits,0,NVIDIA RTX PRO 6000 Blackwell Server Edition,I64,U32,128,5,1,1,1000000000,1024,No,9.0449e-05,20,11,0.06771696863636363,9.178674278841635e-05,0.06770588476007634,9.300958206236303e-05,14769764896.265902,12,0.0676385752360026
pfp_bloom_filter_contains_pattern_bits,0,NVIDIA RTX PRO 6000 Blackwell Server Edition,I64,U32,128,6,1,1,1000000000,1024,No,6.4557e-05,24,11,0.06771624418181818,5.3650911151871105e-05,0.06770530839399859,5.205754136913308e-05,14769890629.264753,12,0.06763499196370443
pfp_bloom_filter_contains_pattern_bits,0,NVIDIA RTX PRO 6000 Blackwell Server Edition,I64,U32,128,7,1,1,1000000000,1024,No,5.4518e-05,28,11,0.06771819081818183,8.629022771546798e-05,0.06770726776123047,8.237975847251131e-05,14769463206.320742,12,0.06763780911763509
pfp_bloom_filter_contains_pattern_bits,0,NVIDIA RTX PRO 6000 Blackwell Server Edition,I64,U32,128,8,1,1,1000000000,1024,No,5.1077e-05,32,11,0.06772076645454546,8.49756588042789e-05,0.06771041107177735,8.155307403181717e-05,14768777565.682423,12,0.06764470672607421
pfp_bloom_filter_contains_pattern_bits,0,NVIDIA RTX PRO 6000 Blackwell Server Edition,I64,U32,128,9,1,1,1000000000,1024,No,5.1174e-05,36,11,0.06771616490909092,9.48869113864428e-05,0.0677055560025302,9.90002486947456e-05,14769836613.743034,12,0.0676360149383545
pfp_bloom_filter_contains_pattern_bits,0,NVIDIA RTX PRO 6000 Blackwell Server Edition,I64,U32,128,10,1,1,1000000000,1024,No,5.4149e-05,40,11,0.06772144745454545,8.16147664329209e-05,0.06771141815185548,7.217161637566645e-05,14768557907.874762,12,0.06764158312479655
pfp_bloom_filter_contains_pattern_bits,0,NVIDIA RTX PRO 6000 Blackwell Server Edition,I64,U32,128,11,1,1,1000000000,1024,No,5.855e-05,44,11,0.06771628027272728,8.605207829652175e-05,0.06770568431507457,7.981857861743939e-05,14769808622.66171,12,0.06763576761881511
pfp_bloom_filter_contains_pattern_bits,0,NVIDIA RTX PRO 6000 Blackwell Server Edition,I64,U32,128,12,1,1,1000000000,1024,No,6.5302e-05,48,11,0.06772026163636365,7.325557046286674e-05,0.0677095981944691,7.6302507156918e-05,14768954870.000772,12,0.0676396369934082
pfp_bloom_filter_contains_pattern_bits,0,NVIDIA RTX PRO 6000 Blackwell Server Edition,I64,U32,128,13,1,1,1000000000,1024,No,7.3367e-05,52,11,0.06771619536363636,7.559416799540774e-05,0.06770550190318715,7.284729914305962e-05,14769848415.419933,12,0.06763460159301758
pfp_bloom_filter_contains_pattern_bits,0,NVIDIA RTX PRO 6000 Blackwell Server Edition,I64,U32,128,14,1,1,1000000000,1024,No,8.3327e-05,56,11,0.06771970963636363,7.666784633226252e-05,0.06770985967462713,7.900219498657495e-05,14768897835.638689,12,0.06764189338684082
pfp_bloom_filter_contains_pattern_bits,0,NVIDIA RTX PRO 6000 Blackwell Server Edition,I64,U32,128,15,1,1,1000000000,1024,No,9.424e-05,60,11,0.06771295990909092,0.00012148059364783755,0.06770212416215377,0.0001240341287873827,14770585301.0593,12,0.0676363493601481
pfp_bloom_filter_contains_pattern_bits,0,NVIDIA RTX PRO 6000 Blackwell Server Edition,I64,U32,128,16,1,1,1000000000,1024,No,0.000108369,64,11,0.06771306854545454,7.364403901834235e-05,0.06770238009366122,7.828672029590166e-05,14770529464.644732,12,0.06763272412618002
pfp_bloom_filter_contains_pattern_bits,0,NVIDIA RTX PRO 6000 Blackwell Server Edition,I64,U32,128,17,1,1,1000000000,1024,Yes,,,,,,,,,,
pfp_bloom_filter_contains_pattern_bits,0,NVIDIA RTX PRO 6000 Blackwell Server Edition,I64,U32,128,18,1,1,1000000000,1024,Yes,,,,,,,,,,
pfp_bloom_filter_contains_pattern_bits,0,NVIDIA RTX PRO 6000 Blackwell Server Edition,I64,U32,128,19,1,1,1000000000,1024,Yes,,,,,,,,,,
pfp_bloom_filter_contains_pattern_bits,0,NVIDIA RTX PRO 6000 Blackwell Server Edition,I64,U32,128,20,1,1,1000000000,1024,Yes,,,,,,,,,,
pfp_bloom_filter_contains_pattern_bits,0,NVIDIA RTX PRO 6000 Blackwell Server Edition,I64,U32,256,1,1,1,1000000000,1024,No,0.00131359,8,11,0.067724265,9.3131507955044e-05,0.06771346282958984,0.00010048957314994323,14768111956.061623,12,0.06764046796162924
pfp_bloom_filter_contains_pattern_bits,0,NVIDIA RTX PRO 6000 Blackwell Server Edition,I64,U32,256,2,1,1,1000000000,1024,No,2.7006e-05,16,11,0.0677240950909091,9.650134950466316e-05,0.06771320481733843,9.741338441320924e-05,14768168228.007769,12,0.06764342498779297
pfp_bloom_filter_contains_pattern_bits,0,NVIDIA RTX PRO 6000 Blackwell Server Edition,I64,U32,256,3,1,1,1000000000,1024,No,3.786e-06,24,11,0.06772427581818183,0.00012032366125324093,0.06771371598677202,0.00012183273356347892,14768056743.412983,12,0.06764279301961262
pfp_bloom_filter_contains_pattern_bits,0,NVIDIA RTX PRO 6000 Blackwell Server Edition,I64,U32,256,4,1,1,1000000000,1024,No,1.466e-06,32,11,0.06773032309090908,7.328551707775533e-05,0.06771978135542436,7.028269786516197e-05,14766734032.284348,12,0.06764398638407389
pfp_bloom_filter_contains_pattern_bits,0,NVIDIA RTX PRO 6000 Blackwell Server Edition,I64,U32,256,5,1,1,1000000000,1024,No,1.014e-06,40,11,0.06772904309090909,6.876075245138692e-05,0.06771809179132635,7.0330800408533e-05,14767102461.798616,12,0.06764317385355632
pfp_bloom_filter_contains_pattern_bits,0,NVIDIA RTX PRO 6000 Blackwell Server Edition,I64,U32,256,6,1,1,1000000000,1024,No,9.51e-07,48,11,0.06773553663636364,0.00013994799168965205,0.06772610959139737,0.00013745520043618062,14765354248.651852,12,0.067646577835083
pfp_bloom_filter_contains_pattern_bits,0,NVIDIA RTX PRO 6000 Blackwell Server Edition,I64,U32,256,7,1,1,1000000000,1024,No,1.024e-06,56,11,0.06772899872727273,0.00010175192664248072,0.06771843788840554,9.594022850462593e-05,14767026989.723515,12,0.06764501253763834
pfp_bloom_filter_contains_pattern_bits,0,NVIDIA RTX PRO 6000 Blackwell Server Edition,I64,U32,256,8,1,1,1000000000,1024,No,1.343e-06,64,11,0.06772941163636365,6.93697297126672e-05,0.06771868272261186,6.596498747048951e-05,14766973600.124256,12,0.06764505704243977
pfp_bloom_filter_contains_pattern_bits,0,NVIDIA RTX PRO 6000 Blackwell Server Edition,I64,U32,256,9,1,1,1000000000,1024,Yes,,,,,,,,,,
pfp_bloom_filter_contains_pattern_bits,0,NVIDIA RTX PRO 6000 Blackwell Server Edition,I64,U32,256,10,1,1,1000000000,1024,Yes,,,,,,,,,,
pfp_bloom_filter_contains_pattern_bits,0,NVIDIA RTX PRO 6000 Blackwell Server Edition,I64,U32,256,11,1,1,1000000000,1024,Yes,,,,,,,,,,
pfp_bloom_filter_contains_pattern_bits,0,NVIDIA RTX PRO 6000 Blackwell Server Edition,I64,U32,256,12,1,1,1000000000,1024,Yes,,,,,,,,,,
pfp_bloom_filter_contains_pattern_bits,0,NVIDIA RTX PRO 6000 Blackwell Server Edition,I64,U32,256,13,1,1,1000000000,1024,Yes,,,,,,,,,,
pfp_bloom_filter_contains_pattern_bits,0,NVIDIA RTX PRO 6000 Blackwell Server Edition,I64,U32,256,14,1,1,1000000000,1024,Yes,,,,,,,,,,
pfp_bloom_filter_contains_pattern_bits,0,NVIDIA RTX PRO 6000 Blackwell Server Edition,I64,U32,256,15,1,1,1000000000,1024,Yes,,,,,,,,,,
pfp_bloom_filter_contains_pattern_bits,0,NVIDIA RTX PRO 6000 Blackwell Server Edition,I64,U32,256,16,1,1,1000000000,1024,Yes,,,,,,,,,,
pfp_bloom_filter_contains_pattern_bits,0,NVIDIA RTX PRO 6000 Blackwell Server Edition,I64,U32,256,17,1,1,1000000000,1024,Yes,,,,,,,,,,
pfp_bloom_filter_contains_pattern_bits,0,NVIDIA RTX PRO 6000 Blackwell Server Edition,I64,U32,256,18,1,1,1000000000,1024,Yes,,,,,,,,,,
pfp_bloom_filter_contains_pattern_bits,0,NVIDIA RTX PRO 6000 Blackwell Server Edition,I64,U32,256,19,1,1,1000000000,1024,Yes,,,,,,,,,,
pfp_bloom_filter_contains_pattern_bits,0,NVIDIA RTX PRO 6000 Blackwell Server Edition,I64,U32,256,20,1,1,1000000000,1024,Yes,,,,,,,,,,
pfp_bloom_filter_contains_pattern_bits,0,NVIDIA RTX PRO 6000 Blackwell Server Edition,I64,U32,512,1,1,1,1000000000,1024,No,5.955e-06,16,11,0.09344738581818182,0.0005200143787455036,0.09343621201948688,0.0005256731533984122,10702488664.581585,12,0.09332961082458496
pfp_bloom_filter_contains_pattern_bits,0,NVIDIA RTX PRO 6000 Blackwell Server Edition,I64,U32,512,2,1,1,1000000000,1024,No,4.2e-08,32,11,0.10543194181818182,0.00027666381450269746,0.10541978801380504,0.00027613708514885387,9485885134.478235,12,0.10532565180460612
pfp_bloom_filter_contains_pattern_bits,0,NVIDIA RTX PRO 6000 Blackwell Server Edition,I64,U32,512,3,1,1,1000000000,1024,No,3e-09,48,11,0.08969317127272727,0.0007924946772730444,0.08968180084228515,0.0007868693353136145,11150534340.39092,12,0.08957781410217285
pfp_bloom_filter_contains_pattern_bits,0,NVIDIA RTX PRO 6000 Blackwell Server Edition,I64,U32,512,4,1,1,1000000000,1024,No,3e-09,64,11,0.0932960380909091,0.0003554620307365992,0.09328385439786045,0.00035699837920875053,10719968706.856262,12,0.09318869400024414
pfp_bloom_filter_contains_pattern_bits,0,NVIDIA RTX PRO 6000 Blackwell Server Edition,I64,U32,512,5,1,1,1000000000,1024,Yes,,,,,,,,,,
pfp_bloom_filter_contains_pattern_bits,0,NVIDIA RTX PRO 6000 Blackwell Server Edition,I64,U32,512,6,1,1,1000000000,1024,Yes,,,,,,,,,,
pfp_bloom_filter_contains_pattern_bits,0,NVIDIA RTX PRO 6000 Blackwell Server Edition,I64,U32,512,7,1,1,1000000000,1024,Yes,,,,,,,,,,
pfp_bloom_filter_contains_pattern_bits,0,NVIDIA RTX PRO 6000 Blackwell Server Edition,I64,U32,512,8,1,1,1000000000,1024,Yes,,,,,,,,,,
pfp_bloom_filter_contains_pattern_bits,0,NVIDIA RTX PRO 6000 Blackwell Server Edition,I64,U32,512,9,1,1,1000000000,1024,Yes,,,,,,,,,,
pfp_bloom_filter_contains_pattern_bits,0,NVIDIA RTX PRO 6000 Blackwell Server Edition,I64,U32,512,10,1,1,1000000000,1024,Yes,,,,,,,,,,
pfp_bloom_filter_contains_pattern_bits,0,NVIDIA RTX PRO 6000 Blackwell Server Edition,I64,U32,512,11,1,1,1000000000,1024,Yes,,,,,,,,,,
pfp_bloom_filter_contains_pattern_bits,0,NVIDIA RTX PRO 6000 Blackwell Server Edition,I64,U32,512,12,1,1,1000000000,1024,Yes,,,,,,,,,,
pfp_bloom_filter_contains_pattern_bits,0,NVIDIA RTX PRO 6000 Blackwell Server Edition,I64,U32,512,13,1,1,1000000000,1024,Yes,,,,,,,,,,
pfp_bloom_filter_contains_pattern_bits,0,NVIDIA RTX PRO 6000 Blackwell Server Edition,I64,U32,512,14,1,1,1000000000,1024,Yes,,,,,,,,,,
pfp_bloom_filter_contains_pattern_bits,0,NVIDIA RTX PRO 6000 Blackwell Server Edition,I64,U32,512,15,1,1,1000000000,1024,Yes,,,,,,,,,,
pfp_bloom_filter_contains_pattern_bits,0,NVIDIA RTX PRO 6000 Blackwell Server Edition,I64,U32,512,16,1,1,1000000000,1024,Yes,,,,,,,,,,
pfp_bloom_filter_contains_pattern_bits,0,NVIDIA RTX PRO 6000 Blackwell Server Edition,I64,U32,512,17,1,1,1000000000,1024,Yes,,,,,,,,,,
pfp_bloom_filter_contains_pattern_bits,0,NVIDIA RTX PRO 6000 Blackwell Server Edition,I64,U32,512,18,1,1,1000000000,1024,Yes,,,,,,,,,,
pfp_bloom_filter_contains_pattern_bits,0,NVIDIA RTX PRO 6000 Blackwell Server Edition,I64,U32,512,19,1,1,1000000000,1024,Yes,,,,,,,,,,
pfp_bloom_filter_contains_pattern_bits,0,NVIDIA RTX PRO 6000 Blackwell Server Edition,I64,U32,512,20,1,1,1000000000,1024,Yes,,,,,,,,,,
pfp_bloom_filter_contains_pattern_bits,0,NVIDIA RTX PRO 6000 Blackwell Server Edition,I64,U64,32,1,1,1,1000000000,1024,Yes,,,,,,,,,,
pfp_bloom_filter_contains_pattern_bits,0,NVIDIA RTX PRO 6000 Blackwell Server Edition,I64,U64,32,2,1,1,1000000000,1024,Yes,,,,,,,,,,
pfp_bloom_filter_contains_pattern_bits,0,NVIDIA RTX PRO 6000 Blackwell Server Edition,I64,U64,32,3,1,1,1000000000,1024,Yes,,,,,,,,,,
pfp_bloom_filter_contains_pattern_bits,0,NVIDIA RTX PRO 6000 Blackwell Server Edition,I64,U64,32,4,1,1,1000000000,1024,Yes,,,,,,,,,,
pfp_bloom_filter_contains_pattern_bits,0,NVIDIA RTX PRO 6000 Blackwell Server Edition,I64,U64,32,5,1,1,1000000000,1024,Yes,,,,,,,,,,
pfp_bloom_filter_contains_pattern_bits,0,NVIDIA RTX PRO 6000 Blackwell Server Edition,I64,U64,32,6,1,1,1000000000,1024,Yes,,,,,,,,,,
pfp_bloom_filter_contains_pattern_bits,0,NVIDIA RTX PRO 6000 Blackwell Server Edition,I64,U64,32,7,1,1,1000000000,1024,Yes,,,,,,,,,,
pfp_bloom_filter_contains_pattern_bits,0,NVIDIA RTX PRO 6000 Blackwell Server Edition,I64,U64,32,8,1,1,1000000000,1024,Yes,,,,,,,,,,
pfp_bloom_filter_contains_pattern_bits,0,NVIDIA RTX PRO 6000 Blackwell Server Edition,I64,U64,32,9,1,1,1000000000,1024,Yes,,,,,,,,,,
pfp_bloom_filter_contains_pattern_bits,0,NVIDIA RTX PRO 6000 Blackwell Server Edition,I64,U64,32,10,1,1,1000000000,1024,Yes,,,,,,,,,,
pfp_bloom_filter_contains_pattern_bits,0,NVIDIA RTX PRO 6000 Blackwell Server Edition,I64,U64,32,11,1,1,1000000000,1024,Yes,,,,,,,,,,
pfp_bloom_filter_contains_pattern_bits,0,NVIDIA RTX PRO 6000 Blackwell Server Edition,I64,U64,32,12,1,1,1000000000,1024,Yes,,,,,,,,,,
pfp_bloom_filter_contains_pattern_bits,0,NVIDIA RTX PRO 6000 Blackwell Server Edition,I64,U64,32,13,1,1,1000000000,1024,Yes,,,,,,,,,,
pfp_bloom_filter_contains_pattern_bits,0,NVIDIA RTX PRO 6000 Blackwell Server Edition,I64,U64,32,14,1,1,1000000000,1024,Yes,,,,,,,,,,
pfp_bloom_filter_contains_pattern_bits,0,NVIDIA RTX PRO 6000 Blackwell Server Edition,I64,U64,32,15,1,1,1000000000,1024,Yes,,,,,,,,,,
pfp_bloom_filter_contains_pattern_bits,0,NVIDIA RTX PRO 6000 Blackwell Server Edition,I64,U64,32,16,1,1,1000000000,1024,Yes,,,,,,,,,,
pfp_bloom_filter_contains_pattern_bits,0,NVIDIA RTX PRO 6000 Blackwell Server Edition,I64,U64,32,17,1,1,1000000000,1024,Yes,,,,,,,,,,
pfp_bloom_filter_contains_pattern_bits,0,NVIDIA RTX PRO 6000 Blackwell Server Edition,I64,U64,32,18,1,1,1000000000,1024,Yes,,,,,,,,,,
pfp_bloom_filter_contains_pattern_bits,0,NVIDIA RTX PRO 6000 Blackwell Server Edition,I64,U64,32,19,1,1,1000000000,1024,Yes,,,,,,,,,,
pfp_bloom_filter_contains_pattern_bits,0,NVIDIA RTX PRO 6000 Blackwell Server Edition,I64,U64,32,20,1,1,1000000000,1024,Yes,,,,,,,,,,
pfp_bloom_filter_contains_pattern_bits,0,NVIDIA RTX PRO 6000 Blackwell Server Edition,I64,U64,64,1,1,1,1000000000,1024,No,0.393459312,1,11,0.06773899581818184,8.720759836774536e-05,0.06772759871049361,7.79554251452258e-05,14765029604.468489,12,0.06765837160746256
pfp_bloom_filter_contains_pattern_bits,0,NVIDIA RTX PRO 6000 Blackwell Server Edition,I64,U64,64,2,1,1,1000000000,1024,No,0.159522015,2,11,0.067750078,0.00011882575175683216,0.06773879380659625,0.00011048758743650976,14762589408.591185,12,0.0676707820892334
pfp_bloom_filter_contains_pattern_bits,0,NVIDIA RTX PRO 6000 Blackwell Server Edition,I64,U64,64,3,1,1,1000000000,1024,No,0.069683094,3,11,0.06773621345454545,7.946416339777899e-05,0.06772544583407315,7.527910403062821e-05,14765498959.57854,12,0.06765747197469076
pfp_bloom_filter_contains_pattern_bits,0,NVIDIA RTX PRO 6000 Blackwell Server Edition,I64,U64,64,4,1,1,1000000000,1024,No,0.033536999,4,11,0.06773470663636363,0.00010247587377858703,0.06772365639426492,9.649259505028269e-05,14765889103.481476,12,0.06765824063618978
pfp_bloom_filter_contains_pattern_bits,0,NVIDIA RTX PRO 6000 Blackwell Server Edition,I64,U64,64,5,1,1,1000000000,1024,No,0.017831289,5,11,0.06773481863636364,8.849332225037617e-05,0.06772425911643287,8.373815452799873e-05,14765757692.244081,12,0.06765457089742025
pfp_bloom_filter_contains_pattern_bits,0,NVIDIA RTX PRO 6000 Blackwell Server Edition,I64,U64,64,6,1,1,1000000000,1024,No,0.010423793,6,11,0.06773913690909092,6.638744143226275e-05,0.06772808421741833,7.135622646968187e-05,14764923761.756422,12,0.06766053136189779
pfp_bloom_filter_contains_pattern_bits,0,NVIDIA RTX PRO 6000 Blackwell Server Edition,I64,U64,64,7,1,1,1000000000,1024,No,0.006614411,7,11,0.06774151381818183,8.443944920952796e-05,0.06773063312877309,8.570965965990275e-05,14764368112.412987,12,0.06766139856974283
pfp_bloom_filter_contains_pattern_bits,0,NVIDIA RTX PRO 6000 Blackwell Server Edition,I64,U64,64,8,1,1,1000000000,1024,No,0.004513908,8,11,0.06773995581818183,8.660373900255468e-05,0.06772916412353515,8.366510461631879e-05,14764688342.76534,12,0.06765832392374675
pfp_bloom_filter_contains_pattern_bits,0,NVIDIA RTX PRO 6000 Blackwell Server Edition,I64,U64,64,9,1,1,1000000000,1024,No,0.003268613,9,11,0.06773927881818183,7.043994485930197e-05,0.06772843863747337,6.951776701055729e-05,14764846497.534811,12,0.06765895716349284
pfp_bloom_filter_contains_pattern_bits,0,NVIDIA RTX PRO 6000 Blackwell Server Edition,I64,U64,64,10,1,1,1000000000,1024,No,0.002498467,10,11,0.06774089981818182,7.915104278349153e-05,0.06773051799427379,7.692502765992612e-05,14764393210.229752,12,0.06765636126200357
pfp_bloom_filter_contains_pattern_bits,0,NVIDIA RTX PRO 6000 Blackwell Server Edition,I64,U64,64,11,1,1,1000000000,1024,No,0.00199649,11,11,0.06773738781818182,9.222399924823578e-05,0.0677266845703125,8.739974759886035e-05,14765228895.293404,12,0.06765889930725098
pfp_bloom_filter_contains_pattern_bits,0,NVIDIA RTX PRO 6000 Blackwell Server Edition,I64,U64,64,12,1,1,1000000000,1024,No,0.001656414,12,11,0.06773784690909092,7.662002834221874e-05,0.06772712846235796,7.020913333984407e-05,14765132122.142012,12,0.06765397453308104
pfp_bloom_filter_contains_pattern_bits,0,NVIDIA RTX PRO 6000 Blackwell Server Edition,I64,U64,64,13,1,1,1000000000,1024,No,0.001417399,13,11,0.06773742363636365,9.518786434512632e-05,0.06772652019153941,9.866296285259587e-05,14765264731.922886,12,0.06765956115722656
pfp_bloom_filter_contains_pattern_bits,0,NVIDIA RTX PRO 6000 Blackwell Server Edition,I64,U64,64,14,1,1,1000000000,1024,No,0.001247183,14,11,0.06773679818181819,7.878726695326044e-05,0.06772705078125,7.235699486322087e-05,14765149057.351933,12,0.0676606305440267
pfp_bloom_filter_contains_pattern_bits,0,NVIDIA RTX PRO 6000 Blackwell Server Edition,I64,U64,64,15,1,1,1000000000,1024,No,0.001122677,15,11,0.06773955363636364,7.201836356063238e-05,0.06772836164994672,7.046184077048997e-05,14764863280.88798,12,0.06765900802612305
pfp_bloom_filter_contains_pattern_bits,0,NVIDIA RTX PRO 6000 Blackwell Server Edition,I64,U64,64,16,1,1,1000000000,1024,No,0.001029103,16,11,0.06773722381818181,0.00012373109575019098,0.06772614704478871,0.00011891515337604806,14765346083.229555,12,0.06765802828470865
pfp_bloom_filter_contains_pattern_bits,0,NVIDIA RTX PRO 6000 Blackwell Server Edition,I64,U64,64,17,1,1,1000000000,1024,No,0.000960634,17,11,0.06773769790909093,6.573681685027169e-05,0.06772689749977805,6.08084240322888e-05,14765182474.264042,12,0.06765691502888997
pfp_bloom_filter_contains_pattern_bits,0,NVIDIA RTX PRO 6000 Blackwell Server Edition,I64,U64,64,18,1,1,1000000000,1024,No,0.000908796,18,11,0.06774171772727273,5.449854820697001e-05,0.0677308939153498,5.6270307006503913e-05,14764311264.661617,12,0.06766003227233887
pfp_bloom_filter_contains_pattern_bits,0,NVIDIA RTX PRO 6000 Blackwell Server Edition,I64,U64,64,19,1,1,1000000000,1024,No,0.000871591,19,11,0.06773574745454546,7.605841440250352e-05,0.06772418282248756,8.263374063507246e-05,14765774326.44863,12,0.06765593528747559
pfp_bloom_filter_contains_pattern_bits,0,NVIDIA RTX PRO 6000 Blackwell Server Edition,I64,U64,64,20,1,1,1000000000,1024,No,0.000844199,20,11,0.06774760527272729,7.69390011568381e-05,0.06773603404651989,7.328167772156931e-05,14763190878.775366,12,0.06766024271647135
pfp_bloom_filter_contains_pattern_bits,0,NVIDIA RTX PRO 6000 Blackwell Server Edition,I64,U64,128,1,1,1,1000000000,1024,No,0.15769948,2,11,0.06775198254545456,9.688920553051984e-05,0.06774080519242721,8.521524275397242e-05,14762151072.154522,12,0.06766844495137532
pfp_bloom_filter_contains_pattern_bits,0,NVIDIA RTX PRO 6000 Blackwell Server Edition,I64,U64,128,2,1,1,1000000000,1024,No,0.028977491,4,11,0.06774791372727273,8.993481413112262e-05,0.06773800243030895,9.246919300166689e-05,14762761878.442347,12,0.06766719118754069
pfp_bloom_filter_contains_pattern_bits,0,NVIDIA RTX PRO 6000 Blackwell Server Edition,I64,U64,128,3,1,1,1000000000,1024,No,0.006935928,6,11,0.06774421590909091,7.686289796867924e-05,0.06773398867520418,8.230385111409374e-05,14763636684.607008,12,0.06766441980997721
pfp_bloom_filter_contains_pattern_bits,0,NVIDIA RTX PRO 6000 Blackwell Server Edition,I64,U64,128,4,1,1,1000000000,1024,No,0.002182717,8,11,0.06774541390909089,7.572359786530238e-05,0.06773467601429332,7.501770210245784e-05,14763486870.28459,12,0.06766350237528483
pfp_bloom_filter_contains_pattern_bits,0,NVIDIA RTX PRO 6000 Blackwell Server Edition,I64,U64,128,5,1,1,1000000000,1024,No,0.000873146,10,11,0.067743801,8.20300144872662e-05,0.06773295246471057,8.117085020484146e-05,14763862545.649523,12,0.06766460227966307
pfp_bloom_filter_contains_pattern_bits,0,NVIDIA RTX PRO 6000 Blackwell Server Edition,I64,U64,128,6,1,1,1000000000,1024,No,0.000425775,12,11,0.06774372154545455,0.00010997488070360339,0.0677337188720703,0.00010771843114605335,14763695492.472738,12,0.06766395568847657
pfp_bloom_filter_contains_pattern_bits,0,NVIDIA RTX PRO 6000 Blackwell Server Edition,I64,U64,128,7,1,1,1000000000,1024,No,0.00024348,14,11,0.06774471654545455,7.012725732088677e-05,0.06773434032093395,7.540330541507987e-05,14763560038.554628,12,0.06766574033101398
pfp_bloom_filter_contains_pattern_bits,0,NVIDIA RTX PRO 6000 Blackwell Server Edition,I64,U64,128,8,1,1,1000000000,1024,No,0.000156826,16,11,0.06774105636363636,9.881530513203502e-05,0.06773038552024148,9.59379203091687e-05,14764422087.943768,12,0.06766421190897624
pfp_bloom_filter_contains_pattern_bits,0,NVIDIA RTX PRO 6000 Blackwell Server Edition,I64,U64,128,9,1,1,1000000000,1024,No,0.000111792,18,11,0.06774249100000002,6.609076324964697e-05,0.06773162772438743,6.47095856920238e-05,14764151307.114391,12,0.06766586430867513
pfp_bloom_filter_contains_pattern_bits,0,NVIDIA RTX PRO 6000 Blackwell Server Edition,I64,U64,128,10,1,1,1000000000,1024,No,8.6173e-05,20,11,0.06774250590909091,7.007506943794367e-05,0.06773159512606534,6.149676366023167e-05,14764158412.9054,12,0.0676613032023112
pfp_bloom_filter_contains_pattern_bits,0,NVIDIA RTX PRO 6000 Blackwell Server Edition,I64,U64,128,11,1,1,1000000000,1024,No,7.1209e-05,22,11,0.06774764654545455,8.040625668114322e-05,0.06773633228648794,8.005364290319531e-05,14763125877.122229,12,0.06766711362202961
pfp_bloom_filter_contains_pattern_bits,0,NVIDIA RTX PRO 6000 Blackwell Server Edition,I64,U64,128,12,1,1,1000000000,1024,No,6.1419e-05,24,11,0.0677501250909091,0.00010905498083171739,0.06773913019353693,9.981907708823621e-05,14762516098.788218,12,0.06766967519124348
pfp_bloom_filter_contains_pattern_bits,0,NVIDIA RTX PRO 6000 Blackwell Server Edition,I64,U64,128,13,1,1,1000000000,1024,No,5.5693e-05,26,11,0.06774380109090909,6.952445007492434e-05,0.0677326334173029,6.68971566476256e-05,14763932089.262917,12,0.0676640879313151
pfp_bloom_filter_contains_pattern_bits,0,NVIDIA RTX PRO 6000 Blackwell Server Edition,I64,U64,128,14,1,1,1000000000,1024,No,5.173e-05,28,11,0.06774660690909093,0.00010458300669671013,0.06773495067249645,9.587488665923656e-05,14763427005.87581,12,0.06766871770222982
pfp_bloom_filter_contains_pattern_bits,0,NVIDIA RTX PRO 6000 Blackwell Server Edition,I64,U64,128,15,1,1,1000000000,1024,No,4.9468e-05,30,11,0.06774611600000001,0.00010365443513142402,0.06773489241166548,0.0001147702652712314,14763439704.346195,12,0.0676650619506836
pfp_bloom_filter_contains_pattern_bits,0,NVIDIA RTX PRO 6000 Blackwell Server Edition,I64,U64,128,16,1,1,1000000000,1024,No,4.8365e-05,32,11,0.06774678800000002,9.629348654846542e-05,0.06773533699729226,9.328148622825182e-05,14763342803.476055,12,0.06766720263163249
pfp_bloom_filter_contains_pattern_bits,0,NVIDIA RTX PRO 6000 Blackwell Server Edition,I64,U64,128,17,1,1,1000000000,1024,No,4.813e-05,34,11,0.06774361545454545,4.812680954000902e-05,0.0677327880859375,4.658317076554067e-05,14763898375.646778,12,0.06766190973917643
pfp_bloom_filter_contains_pattern_bits,0,NVIDIA RTX PRO 6000 Blackwell Server Edition,I64,U64,128,18,1,1,1000000000,1024,No,4.8356e-05,36,11,0.067747241,6.673951631664364e-05,0.06773585440895774,6.669101311001977e-05,14763230031.2101,12,0.0676661262512207
pfp_bloom_filter_contains_pattern_bits,0,NVIDIA RTX PRO 6000 Blackwell Server Edition,I64,U64,128,19,1,1,1000000000,1024,No,4.9086e-05,38,11,0.06774645963636364,8.979267196383868e-05,0.06773469127308239,9.181391915103291e-05,14763483544.471365,12,0.06766037432352702
pfp_bloom_filter_contains_pattern_bits,0,NVIDIA RTX PRO 6000 Blackwell Server Edition,I64,U64,128,20,1,1,1000000000,1024,No,5.1212e-05,40,11,0.06774446372727273,9.365097619204555e-05,0.0677337542447177,9.188388086907957e-05,14763687782.41738,12,0.06766327412923177
pfp_bloom_filter_contains_pattern_bits,0,NVIDIA RTX PRO 6000 Blackwell Server Edition,I64,U64,256,1,1,1,1000000000,1024,No,0.026647871,4,11,0.06771985154545455,6.536150171398972e-05,0.0677091556895863,6.68967329235636e-05,14769051390.693985,12,0.06763898277282715
pfp_bloom_filter_contains_pattern_bits,0,NVIDIA RTX PRO 6000 Blackwell Server Edition,I64,U64,256,2,1,1,1000000000,1024,No,0.001283244,8,11,0.06771634390909091,6.606836198363895e-05,0.06770564061945135,6.675999829262322e-05,14769818154.74776,12,0.06763887468973796
pfp_bloom_filter_contains_pattern_bits,0,NVIDIA RTX PRO 6000 Blackwell Server Edition,I64,U64,256,3,1,1,1000000000,1024,No,0.000133118,12,11,0.06771510281818183,8.309302920521218e-05,0.06770495397394354,8.322611208284674e-05,14769967946.287256,12,0.0676396369934082
pfp_bloom_filter_contains_pattern_bits,0,NVIDIA RTX PRO 6000 Blackwell Server Edition,I64,U64,256,4,1,1,1000000000,1024,No,2.6129e-05,16,11,0.06771761245454545,6.016714375068102e-05,0.06770711586692117,6.664734464256744e-05,14769496340.170614,12,0.06763818740844728
pfp_bloom_filter_contains_pattern_bits,0,NVIDIA RTX PRO 6000 Blackwell Server Edition,I64,U64,256,5,1,1,1000000000,1024,No,8.302e-06,20,11,0.0677192260909091,7.694529287268852e-05,0.06770843367143112,7.687385761019249e-05,14769208882.496122,12,0.06763837242126465
pfp_bloom_filter_contains_pattern_bits,0,NVIDIA RTX PRO 6000 Blackwell Server Edition,I64,U64,256,6,1,1,1000000000,1024,No,3.685e-06,24,11,0.06771272445454546,5.4806512170986134e-05,0.06770176003196021,5.441916390697659e-05,14770664743.840137,12,0.06763371467590332
pfp_bloom_filter_contains_pattern_bits,0,NVIDIA RTX PRO 6000 Blackwell Server Edition,I64,U64,256,7,1,1,1000000000,1024,No,2.117e-06,28,11,0.06771625263636363,8.461292060503346e-05,0.06770522169633343,8.59735736367358e-05,14769909542.355946,12,0.06763630803426107
pfp_bloom_filter_contains_pattern_bits,0,NVIDIA RTX PRO 6000 Blackwell Server Edition,I64,U64,256,8,1,1,1000000000,1024,No,1.433e-06,32,11,0.06771932972727274,9.85769907115338e-05,0.06770851759477095,9.681813688197191e-05,14769190576.360054,12,0.06763961855570476
pfp_bloom_filter_contains_pattern_bits,0,NVIDIA RTX PRO 6000 Blackwell Server Edition,I64,U64,256,9,1,1,1000000000,1024,No,1.088e-06,36,11,0.06771605681818182,6.244054191122914e-05,0.06770525360107421,6.405596386426184e-05,14769902582.332754,12,0.06763511403401694
pfp_bloom_filter_contains_pattern_bits,0,NVIDIA RTX PRO 6000 Blackwell Server Edition,I64,U64,256,10,1,1,1000000000,1024,No,9.14e-07,40,11,0.06771325763636364,9.492627545021066e-05,0.06770371454412287,9.512635525159172e-05,14770238335.27324,12,0.06763839213053384
pfp_bloom_filter_contains_pattern_bits,0,NVIDIA RTX PRO 6000 Blackwell Server Edition,I64,U64,256,11,1,1,1000000000,1024,No,9.33e-07,44,11,0.06771325727272727,0.00010976257515453352,0.06770294397527521,0.00010691192963555676,14770406444.440514,12,0.06763170305887858
pfp_bloom_filter_contains_pattern_bits,0,NVIDIA RTX PRO 6000 Blackwell Server Edition,I64,U64,256,12,1,1,1000000000,1024,No,8.36e-07,48,11,0.06771081890909092,0.00011170894692306017,0.06770005312832918,0.00010762156568531621,14771037152.724901,12,0.0676317024230957
pfp_bloom_filter_contains_pattern_bits,0,NVIDIA RTX PRO 6000 Blackwell Server Edition,I64,U64,256,13,1,1,1000000000,1024,No,8.86e-07,52,11,0.06771170590909092,6.867072127271e-05,0.0677008285522461,7.10792229648845e-05,14770867969.928606,12,0.06763174756368003
pfp_bloom_filter_contains_pattern_bits,0,NVIDIA RTX PRO 6000 Blackwell Server Edition,I64,U64,256,14,1,1,1000000000,1024,No,9.76e-07,56,11,0.06770912499999998,8.175345074207673e-05,0.067698542508212,8.630080875955395e-05,14771366752.522,12,0.06763289451599121
pfp_bloom_filter_contains_pattern_bits,0,NVIDIA RTX PRO 6000 Blackwell Server Edition,I64,U64,256,15,1,1,1000000000,1024,No,1.077e-06,60,11,0.06770573136363636,8.099722334345741e-05,0.06769452597878195,7.999851675795036e-05,14772243184.233807,12,0.0676282844543457
pfp_bloom_filter_contains_pattern_bits,0,NVIDIA RTX PRO 6000 Blackwell Server Edition,I64,U64,256,16,1,1,1000000000,1024,No,1.212e-06,64,11,0.06770001472727273,7.562448498154591e-05,0.06768971599232067,7.871664713738366e-05,14773292890.06692,12,0.0676243419647217
pfp_bloom_filter_contains_pattern_bits,0,NVIDIA RTX PRO 6000 Blackwell Server Edition,I64,U64,256,17,1,1,1000000000,1024,Yes,,,,,,,,,,
pfp_bloom_filter_contains_pattern_bits,0,NVIDIA RTX PRO 6000 Blackwell Server Edition,I64,U64,256,18,1,1,1000000000,1024,Yes,,,,,,,,,,
pfp_bloom_filter_contains_pattern_bits,0,NVIDIA RTX PRO 6000 Blackwell Server Edition,I64,U64,256,19,1,1,1000000000,1024,Yes,,,,,,,,,,
pfp_bloom_filter_contains_pattern_bits,0,NVIDIA RTX PRO 6000 Blackwell Server Edition,I64,U64,256,20,1,1,1000000000,1024,Yes,,,,,,,,,,
pfp_bloom_filter_contains_pattern_bits,0,NVIDIA RTX PRO 6000 Blackwell Server Edition,I64,U64,512,1,1,1,1000000000,1024,No,0.000907731,8,11,0.09250619836363638,0.0018906701855992475,0.09249506933038885,0.001892257725446023,10811387106.787695,12,0.0923797327677409
pfp_bloom_filter_contains_pattern_bits,0,NVIDIA RTX PRO 6000 Blackwell Server Edition,I64,U64,512,2,1,1,1000000000,1024,No,5.687e-06,16,11,0.11291760563636365,0.0003155718840582426,0.11290771969881921,0.0003133484654374963,8856790329.903881,12,0.11283978780110676
pfp_bloom_filter_contains_pattern_bits,0,NVIDIA RTX PRO 6000 Blackwell Server Edition,I64,U64,512,3,1,1,1000000000,1024,No,2.29e-07,24,11,0.12837845027272726,6.434058809138106e-05,0.1283674247048118,6.34995312146389e-05,7790138364.928306,12,0.12828239822387696
pfp_bloom_filter_contains_pattern_bits,0,NVIDIA RTX PRO 6000 Blackwell Server Edition,I64,U64,512,4,1,1,1000000000,1024,No,3e-08,32,11,0.10805594654545456,0.0005279209181675604,0.10804476512562143,0.000528013627863825,9255422961.37458,12,0.10798628807067871
pfp_bloom_filter_contains_pattern_bits,0,NVIDIA RTX PRO 6000 Blackwell Server Edition,I64,U64,512,5,1,1,1000000000,1024,No,1.4e-08,40,11,0.10739669945454546,0.0018591324762145642,0.10738512212579901,0.001858880855165272,9312276972.861517,12,0.10731297556559245
pfp_bloom_filter_contains_pattern_bits,0,NVIDIA RTX PRO 6000 Blackwell Server Edition,I64,U64,512,6,1,1,1000000000,1024,No,5e-09,48,11,0.10771481445454545,0.0017487867814878063,0.10770453574440696,0.0017480778825211991,9284660047.865528,12,0.10753514480590821
pfp_bloom_filter_contains_pattern_bits,0,NVIDIA RTX PRO 6000 Blackwell Server Edition,I64,U64,512,7,1,1,1000000000,1024,No,3e-09,56,11,0.10572509945454546,0.0026551825061150646,0.10571419941295278,0.0026586917070254273,9459467181.827549,12,0.10562908109029134
pfp_bloom_filter_contains_pattern_bits,0,NVIDIA RTX PRO 6000 Blackwell Server Edition,I64,U64,512,8,1,1,1000000000,1024,No,9e-09,64,11,0.11279971972727275,0.0011588877749105525,0.11278884402188388,0.0011585424448152782,8866125091.289833,12,0.11275945409138997
pfp_bloom_filter_contains_pattern_bits,0,NVIDIA RTX PRO 6000 Blackwell Server Edition,I64,U64,512,9,1,1,1000000000,1024,Yes,,,,,,,,,,
pfp_bloom_filter_contains_pattern_bits,0,NVIDIA RTX PRO 6000 Blackwell Server Edition,I64,U64,512,10,1,1,1000000000,1024,Yes,,,,,,,,,,
pfp_bloom_filter_contains_pattern_bits,0,NVIDIA RTX PRO 6000 Blackwell Server Edition,I64,U64,512,11,1,1,1000000000,1024,Yes,,,,,,,,,,
pfp_bloom_filter_contains_pattern_bits,0,NVIDIA RTX PRO 6000 Blackwell Server Edition,I64,U64,512,12,1,1,1000000000,1024,Yes,,,,,,,,,,
pfp_bloom_filter_contains_pattern_bits,0,NVIDIA RTX PRO 6000 Blackwell Server Edition,I64,U64,512,13,1,1,1000000000,1024,Yes,,,,,,,,,,
pfp_bloom_filter_contains_pattern_bits,0,NVIDIA RTX PRO 6000 Blackwell Server Edition,I64,U64,512,14,1,1,1000000000,1024,Yes,,,,,,,,,,
pfp_bloom_filter_contains_pattern_bits,0,NVIDIA RTX PRO 6000 Blackwell Server Edition,I64,U64,512,15,1,1,1000000000,1024,Yes,,,,,,,,,,
pfp_bloom_filter_contains_pattern_bits,0,NVIDIA RTX PRO 6000 Blackwell Server Edition,I64,U64,512,16,1,1,1000000000,1024,Yes,,,,,,,,,,
pfp_bloom_filter_contains_pattern_bits,0,NVIDIA RTX PRO 6000 Blackwell Server Edition,I64,U64,512,17,1,1,1000000000,1024,Yes,,,,,,,,,,
pfp_bloom_filter_contains_pattern_bits,0,NVIDIA RTX PRO 6000 Blackwell Server Edition,I64,U64,512,18,1,1,1000000000,1024,Yes,,,,,,,,,,
pfp_bloom_filter_contains_pattern_bits,0,NVIDIA RTX PRO 6000 Blackwell Server Edition,I64,U64,512,19,1,1,1000000000,1024,Yes,,,,,,,,,,
pfp_bloom_filter_contains_pattern_bits,0,NVIDIA RTX PRO 6000 Blackwell Server Edition,I64,U64,512,20,1,1,1000000000,1024,Yes,,,,,,,,,,
