Benchmark,Device,Device Name,Key,Word,BlockBits,PatternBitsPerWord,NumInputs,FilterSizeMB,Skipped,Samples,CPU Time (sec),Noise,GPU Time (sec),Noise,Elem/s (elem/sec),Samples,Batch GPU (sec)
wc_bloom_filter_add_unique_size_u64,0,NVIDIA A100-SXM4-40GB,U64,U64,32,1,1000000000,1,Yes,,,,,,,,
wc_bloom_filter_add_unique_size_u64,0,NVIDIA A100-SXM4-40GB,U64,U64,32,1,1000000000,2,Yes,,,,,,,,
wc_bloom_filter_add_unique_size_u64,0,NVIDIA A100-SXM4-40GB,U64,U64,32,1,1000000000,4,Yes,,,,,,,,
wc_bloom_filter_add_unique_size_u64,0,NVIDIA A100-SXM4-40GB,U64,U64,32,1,1000000000,8,Yes,,,,,,,,
wc_bloom_filter_add_unique_size_u64,0,NVIDIA A100-SXM4-40GB,U64,U64,32,1,1000000000,16,Yes,,,,,,,,
wc_bloom_filter_add_unique_size_u64,0,NVIDIA A100-SXM4-40GB,U64,U64,32,1,1000000000,32,Yes,,,,,,,,
wc_bloom_filter_add_unique_size_u64,0,NVIDIA A100-SXM4-40GB,U64,U64,32,1,1000000000,64,Yes,,,,,,,,
wc_bloom_filter_add_unique_size_u64,0,NVIDIA A100-SXM4-40GB,U64,U64,32,1,1000000000,128,Yes,,,,,,,,
wc_bloom_filter_add_unique_size_u64,0,NVIDIA A100-SXM4-40GB,U64,U64,32,1,1000000000,256,Yes,,,,,,,,
wc_bloom_filter_add_unique_size_u64,0,NVIDIA A100-SXM4-40GB,U64,U64,32,1,1000000000,512,Yes,,,,,,,,
wc_bloom_filter_add_unique_size_u64,0,NVIDIA A100-SXM4-40GB,U64,U64,32,1,1000000000,1024,Yes,,,,,,,,
wc_bloom_filter_add_unique_size_u64,0,NVIDIA A100-SXM4-40GB,U64,U64,32,1,1000000000,2048,Yes,,,,,,,,
wc_bloom_filter_add_unique_size_u64,0,NVIDIA A100-SXM4-40GB,U64,U64,32,16,1000000000,1,Yes,,,,,,,,
wc_bloom_filter_add_unique_size_u64,0,NVIDIA A100-SXM4-40GB,U64,U64,32,16,1000000000,2,Yes,,,,,,,,
wc_bloom_filter_add_unique_size_u64,0,NVIDIA A100-SXM4-40GB,U64,U64,32,16,1000000000,4,Yes,,,,,,,,
wc_bloom_filter_add_unique_size_u64,0,NVIDIA A100-SXM4-40GB,U64,U64,32,16,1000000000,8,Yes,,,,,,,,
wc_bloom_filter_add_unique_size_u64,0,NVIDIA A100-SXM4-40GB,U64,U64,32,16,1000000000,16,Yes,,,,,,,,
wc_bloom_filter_add_unique_size_u64,0,NVIDIA A100-SXM4-40GB,U64,U64,32,16,1000000000,32,Yes,,,,,,,,
wc_bloom_filter_add_unique_size_u64,0,NVIDIA A100-SXM4-40GB,U64,U64,32,16,1000000000,64,Yes,,,,,,,,
wc_bloom_filter_add_unique_size_u64,0,NVIDIA A100-SXM4-40GB,U64,U64,32,16,1000000000,128,Yes,,,,,,,,
wc_bloom_filter_add_unique_size_u64,0,NVIDIA A100-SXM4-40GB,U64,U64,32,16,1000000000,256,Yes,,,,,,,,
wc_bloom_filter_add_unique_size_u64,0,NVIDIA A100-SXM4-40GB,U64,U64,32,16,1000000000,512,Yes,,,,,,,,
wc_bloom_filter_add_unique_size_u64,0,NVIDIA A100-SXM4-40GB,U64,U64,32,16,1000000000,1024,Yes,,,,,,,,
wc_bloom_filter_add_unique_size_u64,0,NVIDIA A100-SXM4-40GB,U64,U64,32,16,1000000000,2048,Yes,,,,,,,,
wc_bloom_filter_add_unique_size_u64,0,NVIDIA A100-SXM4-40GB,U64,U64,64,1,1000000000,1,No,30,0.0172615511,0.005615779848274138,0.01724385318756104,0.005614329274079,57991679070.97215,31,0.017368988836965252
wc_bloom_filter_add_unique_size_u64,0,NVIDIA A100-SXM4-40GB,U64,U64,64,1,1000000000,2,No,29,0.017521637413793104,0.00539676316978371,0.01750386744532092,0.005381761255983644,57130231540.19125,30,0.01743588663736979
wc_bloom_filter_add_unique_size_u64,0,NVIDIA A100-SXM4-40GB,U64,U64,64,1,1000000000,4,No,29,0.017566599241379308,0.005945470221808141,0.017547758628582134,0.005913438962044294,56987335030.42265,30,0.01746899617513021
wc_bloom_filter_add_unique_size_u64,0,NVIDIA A100-SXM4-40GB,U64,U64,64,1,1000000000,8,No,29,0.017575072655172413,0.006420204056734172,0.01755686832296437,0.006405341811868524,56957766134.86363,30,0.01731491902669271
wc_bloom_filter_add_unique_size_u64,0,NVIDIA A100-SXM4-40GB,U64,U64,64,1,1000000000,16,No,28,0.01819436103571428,0.00938194745222808,0.01817589051382882,0.009368333904600004,55017937043.53395,29,0.018067174451104527
wc_bloom_filter_add_unique_size_u64,0,NVIDIA A100-SXM4-40GB,U64,U64,64,1,1000000000,32,No,16,0.031782314125,0.05745184506056635,0.03176435232162476,0.05746525909508706,31481831893.648056,17,0.030587240780101103
wc_bloom_filter_add_unique_size_u64,0,NVIDIA A100-SXM4-40GB,U64,U64,64,1,1000000000,64,No,11,0.05254514990909092,0.0523227384990965,0.05252701117775657,0.05233371272367989,19037824113.31004,12,0.05107669321695963
wc_bloom_filter_add_unique_size_u64,0,NVIDIA A100-SXM4-40GB,U64,U64,64,1,1000000000,128,No,11,0.06422341545454545,0.04429026070066806,0.06420629015835849,0.04429493167800898,15574798007.073738,12,0.06293614927927653
wc_bloom_filter_add_unique_size_u64,0,NVIDIA A100-SXM4-40GB,U64,U64,64,1,1000000000,256,No,11,0.07008734654545455,0.040295441098699494,0.07006962099942295,0.040302554355211934,14271520035.883102,12,0.06887398211161296
wc_bloom_filter_add_unique_size_u64,0,NVIDIA A100-SXM4-40GB,U64,U64,64,1,1000000000,512,No,11,0.07296015018181819,0.039238940892769254,0.07294398914683947,0.039242475222054644,13709148782.457672,12,0.07178385162353515
wc_bloom_filter_add_unique_size_u64,0,NVIDIA A100-SXM4-40GB,U64,U64,64,1,1000000000,1024,No,11,0.07441906281818184,0.03907635632178941,0.0744037461714311,0.03907845593465006,13440183478.072926,12,0.07323426183064781
wc_bloom_filter_add_unique_size_u64,0,NVIDIA A100-SXM4-40GB,U64,U64,64,1,1000000000,2048,No,11,0.07518633327272727,0.03944799655928601,0.07517053708163174,0.03945081942667581,13303084410.771818,12,0.07395063463846842
wc_bloom_filter_add_unique_size_u64,0,NVIDIA A100-SXM4-40GB,U64,U64,64,16,1000000000,1,No,14,0.03714470542857142,0.0033221449424528406,0.03712855775015694,0.003323970098066306,26933445859.36072,15,0.03711795043945312
wc_bloom_filter_add_unique_size_u64,0,NVIDIA A100-SXM4-40GB,U64,U64,64,16,1000000000,2,No,14,0.0371849105,0.0013757110523639016,0.03716790853227887,0.0013706884577498607,26904930610.543747,15,0.03715959548950195
wc_bloom_filter_add_unique_size_u64,0,NVIDIA A100-SXM4-40GB,U64,U64,64,16,1000000000,4,No,14,0.037202301214285714,0.0010830875152430509,0.037185609272548124,0.0010684067018157336,26892123581.211273,15,0.037171610768636065
wc_bloom_filter_add_unique_size_u64,0,NVIDIA A100-SXM4-40GB,U64,U64,64,16,1000000000,8,No,14,0.037218784571428576,0.0011781475907418158,0.03720206614903041,0.0011782833011529735,26880227458.174732,15,0.03716416982014974
wc_bloom_filter_add_unique_size_u64,0,NVIDIA A100-SXM4-40GB,U64,U64,64,16,1000000000,16,No,14,0.03808950685714286,0.0022445017992239625,0.03807341711861746,0.0022353360716581123,26265044634.278744,15,0.03802084630330404
wc_bloom_filter_add_unique_size_u64,0,NVIDIA A100-SXM4-40GB,U64,U64,64,16,1000000000,32,No,12,0.042580915500000004,0.013215186375065888,0.04256401030222575,0.013204408346003726,23494026829.227325,13,0.04217635404146635
wc_bloom_filter_add_unique_size_u64,0,NVIDIA A100-SXM4-40GB,U64,U64,64,16,1000000000,64,No,11,0.05891240590909091,0.04913244234359233,0.05889601204612038,0.049132896519842144,16979078298.491898,12,0.05760716597239177
wc_bloom_filter_add_unique_size_u64,0,NVIDIA A100-SXM4-40GB,U64,U64,64,16,1000000000,128,No,11,0.07110421300000001,0.032293767206663125,0.0710890586159446,0.032293493645469275,14066862319.874771,12,0.07019511477152507
wc_bloom_filter_add_unique_size_u64,0,NVIDIA A100-SXM4-40GB,U64,U64,64,16,1000000000,256,No,11,0.0755497991818182,0.010131056428277383,0.0755327543778853,0.010131049748577653,13239289474.29968,12,0.07522884178161622
wc_bloom_filter_add_unique_size_u64,0,NVIDIA A100-SXM4-40GB,U64,U64,64,16,1000000000,512,No,11,0.0776952291818182,0.01072102716291487,0.07767933724143289,0.010723497491761179,12873436302.525717,12,0.07742899131774904
wc_bloom_filter_add_unique_size_u64,0,NVIDIA A100-SXM4-40GB,U64,U64,64,16,1000000000,1024,No,11,0.07883789345454546,0.01111531219830208,0.07882146870006214,0.011118546094414384,12686898842.310099,12,0.07869542376200359
wc_bloom_filter_add_unique_size_u64,0,NVIDIA A100-SXM4-40GB,U64,U64,64,16,1000000000,2048,No,11,0.07968517627272727,0.017341024711532375,0.07966915408047763,0.017348213287166927,12551909349.882793,12,0.07903624471028646
wc_bloom_filter_add_unique_size_u64,0,NVIDIA A100-SXM4-40GB,U64,U64,128,1,1000000000,1,No,13,0.039942483,0.006141164456438186,0.03992646877582257,0.006132935379072607,25046041652.58784,14,0.03974597358703613
wc_bloom_filter_add_unique_size_u64,0,NVIDIA A100-SXM4-40GB,U64,U64,128,1,1000000000,2,No,13,0.039896756461538466,0.004215663659334772,0.03987999549278846,0.004198389710268129,25075228511.017036,14,0.039767480032784595
wc_bloom_filter_add_unique_size_u64,0,NVIDIA A100-SXM4-40GB,U64,U64,128,1,1000000000,4,No,13,0.03991124530769231,0.004256956060601976,0.039895118713378905,0.004222110060641692,25065723132.305107,14,0.03978057343619211
wc_bloom_filter_add_unique_size_u64,0,NVIDIA A100-SXM4-40GB,U64,U64,128,1,1000000000,8,No,13,0.0399200736923077,0.004148914739239083,0.039903231694148146,0.004128514917349763,25060626860.120983,14,0.03978795869009836
wc_bloom_filter_add_unique_size_u64,0,NVIDIA A100-SXM4-40GB,U64,U64,128,1,1000000000,16,No,13,0.04072340261538462,0.006500979609922048,0.04070762340839093,0.006491086915820212,24565423286.14235,14,0.04052882303510393
wc_bloom_filter_add_unique_size_u64,0,NVIDIA A100-SXM4-40GB,U64,U64,128,1,1000000000,32,No,11,0.046989304727272724,0.021624967160459637,0.04697255533391778,0.021626686137568605,21289027026.33943,12,0.04637764326731364
wc_bloom_filter_add_unique_size_u64,0,NVIDIA A100-SXM4-40GB,U64,U64,128,1,1000000000,64,No,11,0.05823900409090909,0.03444743607134825,0.05822240586714311,0.034449649725200086,17175518343.94968,12,0.057349460283915195
wc_bloom_filter_add_unique_size_u64,0,NVIDIA A100-SXM4-40GB,U64,U64,128,1,1000000000,128,No,11,0.06681360354545454,0.03373697695246621,0.06679700886119497,0.033737239627385784,14970730232.517038,12,0.06608273124694823
wc_bloom_filter_add_unique_size_u64,0,NVIDIA A100-SXM4-40GB,U64,U64,128,1,1000000000,256,No,11,0.07150170581818183,0.023332083636091076,0.0714859057339755,0.02333919311872192,13988771489.045073,12,0.07096908760070801
wc_bloom_filter_add_unique_size_u64,0,NVIDIA A100-SXM4-40GB,U64,U64,128,1,1000000000,512,No,11,0.07402740763636363,0.01992029308509821,0.0740114614313299,0.01992095115098217,13511420807.81408,12,0.07355298105875653
wc_bloom_filter_add_unique_size_u64,0,NVIDIA A100-SXM4-40GB,U64,U64,128,1,1000000000,1024,No,11,0.07530724536363637,0.01812253697024819,0.07529062513871626,0.018124531088531966,13281866077.716703,12,0.07486285018920898
wc_bloom_filter_add_unique_size_u64,0,NVIDIA A100-SXM4-40GB,U64,U64,128,1,1000000000,2048,No,11,0.07603682845454546,0.020173651604238473,0.07602064236727629,0.020180172558015422,13154321890.2141,12,0.07554449081420898
wc_bloom_filter_add_unique_size_u64,0,NVIDIA A100-SXM4-40GB,U64,U64,128,16,1000000000,1,No,11,0.16609963790909096,0.00041983144260723365,0.16608292735706678,0.000420057287967686,6021088476.180754,12,0.1660480842590332
wc_bloom_filter_add_unique_size_u64,0,NVIDIA A100-SXM4-40GB,U64,U64,128,16,1000000000,2,No,11,0.16607696318181822,9.279725924432524e-05,0.1660616149902344,9.134228561023545e-05,6021861223.370658,12,0.16605457305908203
wc_bloom_filter_add_unique_size_u64,0,NVIDIA A100-SXM4-40GB,U64,U64,128,16,1000000000,4,No,11,0.16608195200000003,9.079157522047672e-05,0.16606533397327772,8.97945182341193e-05,6021726365.605685,12,0.1660581525166829
wc_bloom_filter_add_unique_size_u64,0,NVIDIA A100-SXM4-40GB,U64,U64,128,16,1000000000,8,No,11,0.16608454890909094,8.520826876432963e-05,0.16606850641424004,8.562556747445283e-05,6021611331.323758,12,0.16608042526245118
wc_bloom_filter_add_unique_size_u64,0,NVIDIA A100-SXM4-40GB,U64,U64,128,16,1000000000,16,No,11,0.166817277,0.002760417511822801,0.16680085199529476,0.0027600545102157105,5995173214.272363,12,0.1676556803385417
wc_bloom_filter_add_unique_size_u64,0,NVIDIA A100-SXM4-40GB,U64,U64,128,16,1000000000,32,No,11,0.17150121972727275,0.00015507354278931616,0.17148462607643822,0.0001544224925837725,5831426541.725415,12,0.17147622426350914
wc_bloom_filter_add_unique_size_u64,0,NVIDIA A100-SXM4-40GB,U64,U64,128,16,1000000000,64,No,11,0.17353786845454547,0.004586156278368313,0.1735216425115412,0.0045858447599246305,5762969883.906489,12,0.17404219690958658
wc_bloom_filter_add_unique_size_u64,0,NVIDIA A100-SXM4-40GB,U64,U64,128,16,1000000000,128,No,11,0.17439407772727275,0.0002913385792371895,0.17437789084694602,0.0002917293636720089,5734671953.784063,12,0.17435818990071614
wc_bloom_filter_add_unique_size_u64,0,NVIDIA A100-SXM4-40GB,U64,U64,128,16,1000000000,256,No,11,0.17455909672727274,0.00033576829328164866,0.17454266079989347,0.0003344378102169255,5729258368.224729,12,0.17454540761311851
wc_bloom_filter_add_unique_size_u64,0,NVIDIA A100-SXM4-40GB,U64,U64,128,16,1000000000,512,No,11,0.17654216418181817,0.0005521863776073562,0.1765250313498757,0.0005507551384733862,5664918976.946575,12,0.17648981730143223
wc_bloom_filter_add_unique_size_u64,0,NVIDIA A100-SXM4-40GB,U64,U64,128,16,1000000000,1024,No,11,0.17668111718181817,0.002498709326339119,0.17666513338955966,0.0024945815786157582,5660426484.918935,12,0.17653136825561525
wc_bloom_filter_add_unique_size_u64,0,NVIDIA A100-SXM4-40GB,U64,U64,128,16,1000000000,2048,No,11,0.17861153336363636,0.0017402409979989854,0.17859490966796876,0.0017389755542497438,5599263729.62774,12,0.1784762903849284
wc_bloom_filter_add_unique_size_u64,0,NVIDIA A100-SXM4-40GB,U64,U64,256,1,1000000000,1,No,11,0.09421072963636364,0.0020839318026830314,0.09419506003639916,0.0020805244282339833,10616267982.77507,12,0.09410491498311359
wc_bloom_filter_add_unique_size_u64,0,NVIDIA A100-SXM4-40GB,U64,U64,256,1,1000000000,2,No,11,0.0941821362727273,0.0018806354520748282,0.09416638877175072,0.0018755488738530972,10619500365.718529,12,0.09410730806986489
wc_bloom_filter_add_unique_size_u64,0,NVIDIA A100-SXM4-40GB,U64,U64,256,1,1000000000,4,No,11,0.09490848127272727,0.0053663263592185735,0.09489212452281605,0.005361494843680469,10538282339.326885,12,0.09504563268025716
wc_bloom_filter_add_unique_size_u64,0,NVIDIA A100-SXM4-40GB,U64,U64,256,1,1000000000,8,No,11,0.09514042327272727,0.0021698223355285985,0.09512382715398617,0.0021671554737517484,10512613189.765831,12,0.094977024714152
wc_bloom_filter_add_unique_size_u64,0,NVIDIA A100-SXM4-40GB,U64,U64,256,1,1000000000,16,No,11,0.09618410154545455,0.0033935609480611,0.09616719055175782,0.0033932845181700445,10398556870.201937,12,0.09605521138509115
wc_bloom_filter_add_unique_size_u64,0,NVIDIA A100-SXM4-40GB,U64,U64,256,1,1000000000,32,No,11,0.101079766,0.006199951433149297,0.10106312214244496,0.0062020842057160875,9894806125.131723,12,0.10087048403422037
wc_bloom_filter_add_unique_size_u64,0,NVIDIA A100-SXM4-40GB,U64,U64,256,1,1000000000,64,No,11,0.10431519054545456,0.006705867409448735,0.10429905423251067,0.006703763210052248,9587814648.546389,12,0.10406980196634928
wc_bloom_filter_add_unique_size_u64,0,NVIDIA A100-SXM4-40GB,U64,U64,256,1,1000000000,128,No,11,0.10658866245454547,0.006859564743731726,0.10657252294367012,0.006859876423920813,9383281660.025625,12,0.10633728090922036
wc_bloom_filter_add_unique_size_u64,0,NVIDIA A100-SXM4-40GB,U64,U64,256,1,1000000000,256,No,11,0.10910281218181819,0.0015430229684811633,0.10908597564697263,0.0015415613335444584,9167081231.745413,12,0.10902937571207681
wc_bloom_filter_add_unique_size_u64,0,NVIDIA A100-SXM4-40GB,U64,U64,256,1,1000000000,512,No,11,0.11030854036363637,0.003708790573875058,0.11029047809947619,0.0037088011745659757,9066965863.526793,12,0.11040000025431314
wc_bloom_filter_add_unique_size_u64,0,NVIDIA A100-SXM4-40GB,U64,U64,256,1,1000000000,1024,No,11,0.10942044463636363,0.004071168197181351,0.10940434542569247,0.004070726541103309,9140404762.799856,12,0.10953762245178222
wc_bloom_filter_add_unique_size_u64,0,NVIDIA A100-SXM4-40GB,U64,U64,256,1,1000000000,2048,No,11,0.10870300436363638,0.003638029208380928,0.10868670793013138,0.0036359675803572886,9200757103.093454,12,0.10860373306274414
wc_bloom_filter_add_unique_size_u64,0,NVIDIA A100-SXM4-40GB,U64,U64,256,16,1000000000,1,No,11,0.6161404879090909,1.752909838048151e-05,0.6161243230646307,1.8026343095418585e-05,1623049054.492694,12,0.6161211700439453
wc_bloom_filter_add_unique_size_u64,0,NVIDIA A100-SXM4-40GB,U64,U64,256,16,1000000000,2,No,11,0.6161328040000001,1.0294465384269236e-05,0.6161167824485086,1.050663029864121e-05,1623068918.8921323,12,0.6161180165608724
wc_bloom_filter_add_unique_size_u64,0,NVIDIA A100-SXM4-40GB,U64,U64,256,16,1000000000,4,No,11,0.6161373560000001,7.598421072157111e-06,0.6161228304776278,7.734472582690328e-06,1623052986.406598,12,0.6161152852376303
wc_bloom_filter_add_unique_size_u64,0,NVIDIA A100-SXM4-40GB,U64,U64,256,16,1000000000,8,No,11,0.6161369805454545,4.175175370505876e-06,0.6161209716796875,4.389981568892292e-06,1623057883.0546377,12,0.6161165720621746
wc_bloom_filter_add_unique_size_u64,0,NVIDIA A100-SXM4-40GB,U64,U64,256,16,1000000000,16,No,11,0.6164767333636363,5.495365248250222e-06,0.6164614923650569,5.240825728133471e-06,1622161339.1673439,12,0.6185667368570963
wc_bloom_filter_add_unique_size_u64,0,NVIDIA A100-SXM4-40GB,U64,U64,256,16,1000000000,32,No,11,0.6252997140000001,8.057904314576783e-06,0.6252842795632102,8.675631617334536e-06,1599272575.1853955,12,0.6252957051595053
wc_bloom_filter_add_unique_size_u64,0,NVIDIA A100-SXM4-40GB,U64,U64,256,16,1000000000,64,No,11,0.6258672311818182,1.751777785891144e-05,0.6258519564541902,1.757419692950644e-05,1597821960.429065,12,0.6258458506266277
wc_bloom_filter_add_unique_size_u64,0,NVIDIA A100-SXM4-40GB,U64,U64,256,16,1000000000,128,No,11,0.6260575804545455,1.7418306418283144e-05,0.6260418590198864,1.780075431890465e-05,1597337279.5959234,12,0.6260497945149739
wc_bloom_filter_add_unique_size_u64,0,NVIDIA A100-SXM4-40GB,U64,U64,256,16,1000000000,256,No,11,0.6299358853636364,0.0035080682767801765,0.6299207763671876,0.0035087853282332097,1587501218.4343152,12,0.6325370025634766
wc_bloom_filter_add_unique_size_u64,0,NVIDIA A100-SXM4-40GB,U64,U64,256,16,1000000000,512,No,11,0.6328189820909091,0.0004734688979864432,0.6328035111860796,0.0004730926385524245,1580269360.5882096,12,0.6295776367187499
wc_bloom_filter_add_unique_size_u64,0,NVIDIA A100-SXM4-40GB,U64,U64,256,16,1000000000,1024,No,11,0.6308933735454546,0.0036026316319055763,0.6308780184659092,0.0036031158891298223,1585092475.454567,12,0.6313203226725261
wc_bloom_filter_add_unique_size_u64,0,NVIDIA A100-SXM4-40GB,U64,U64,256,16,1000000000,2048,No,11,0.6312405222727273,0.003496681359149016,0.6312254416725853,0.0034966592733225803,1584220048.7836118,12,0.6262272033691406
wc_bloom_filter_add_unique_size_u64,0,NVIDIA A100-SXM4-40GB,U64,U64,512,1,1000000000,1,No,11,0.258134958,1.1802942910201491e-05,0.2581197731711648,1.220891333135387e-05,3874170458.5989947,12,0.25811592610677087
wc_bloom_filter_add_unique_size_u64,0,NVIDIA A100-SXM4-40GB,U64,U64,512,1,1000000000,2,No,11,0.25811771390909094,1.3492078381467421e-05,0.25810208407315344,1.278588061213708e-05,3874435975.947299,12,0.25809817504882815
wc_bloom_filter_add_unique_size_u64,0,NVIDIA A100-SXM4-40GB,U64,U64,512,1,1000000000,4,No,11,0.25813048481818185,0.00023620398764319803,0.2581148404208097,0.00023545429478548813,3874244496.6344457,12,0.2580923741658529
wc_bloom_filter_add_unique_size_u64,0,NVIDIA A100-SXM4-40GB,U64,U64,512,1,1000000000,8,No,11,0.2589198900909091,0.0034768349082228466,0.25890490167791197,0.0034757932550552617,3862422045.7750926,12,0.25808887736002606
wc_bloom_filter_add_unique_size_u64,0,NVIDIA A100-SXM4-40GB,U64,U64,512,1,1000000000,16,No,11,0.2599905730909091,0.00019054462214642694,0.25997461214932527,0.00019029503960475979,3846529442.750417,12,0.2599483693440755
wc_bloom_filter_add_unique_size_u64,0,NVIDIA A100-SXM4-40GB,U64,U64,512,1,1000000000,32,No,11,0.2687547571818181,1.1408826544791982e-05,0.26873902476917616,1.1484374694566375e-05,3721082194.366503,12,0.2687359110514323
wc_bloom_filter_add_unique_size_u64,0,NVIDIA A100-SXM4-40GB,U64,U64,512,1,1000000000,64,No,11,0.2700757856363637,0.00018391544442600245,0.2700595176003196,0.00018412435726280937,3702887455.6458755,12,0.2700417683919271
wc_bloom_filter_add_unique_size_u64,0,NVIDIA A100-SXM4-40GB,U64,U64,512,1,1000000000,128,No,11,0.273452018,1.1209804878414723e-05,0.27343574107776997,1.1411790271902588e-05,3657166382.340567,12,0.27380915069580075
wc_bloom_filter_add_unique_size_u64,0,NVIDIA A100-SXM4-40GB,U64,U64,512,1,1000000000,256,No,11,0.27696117663636366,0.0032536452986576467,0.2769446133700284,0.0032557139870441885,3610830295.0232515,12,0.2795640335083008
wc_bloom_filter_add_unique_size_u64,0,NVIDIA A100-SXM4-40GB,U64,U64,512,1,1000000000,512,No,11,0.28273530672727276,0.0002250860964313303,0.28271886097301135,0.00022582476258547189,3537082727.90283,12,0.2842158915201823
wc_bloom_filter_add_unique_size_u64,0,NVIDIA A100-SXM4-40GB,U64,U64,512,1,1000000000,1024,No,11,0.2861817295454545,0.0027772472844830617,0.28616508345170455,0.0027770419375250663,3494486426.988455,12,0.2859229075113932
wc_bloom_filter_add_unique_size_u64,0,NVIDIA A100-SXM4-40GB,U64,U64,512,1,1000000000,2048,No,11,0.2883131718181818,0.004902904560968969,0.28829612593217324,0.004902806067540335,3468655698.2568254,12,0.2891640294392903
wc_bloom_filter_add_unique_size_u64,0,NVIDIA A100-SXM4-40GB,U64,U64,512,16,1000000000,1,No,6,2.5154839358333336,0.005645057028733687,2.515469441731771,0.005645300572166553,397540110.5694019,7,2.4695055803571435
wc_bloom_filter_add_unique_size_u64,0,NVIDIA A100-SXM4-40GB,U64,U64,512,16,1000000000,2,No,7,2.466663098142857,1.7311531997811029e-06,2.4666485421316966,1.855961550389936e-06,405408384.2588261,7,2.4666449846540175
wc_bloom_filter_add_unique_size_u64,0,NVIDIA A100-SXM4-40GB,U64,U64,512,16,1000000000,4,No,7,2.4583521595714286,0.0054787806496482214,2.4583374372209823,0.005479135256632265,406778981.94905496,7,2.4386527622767855
wc_bloom_filter_add_unique_size_u64,0,NVIDIA A100-SXM4-40GB,U64,U64,512,16,1000000000,8,No,7,2.438682480571429,8.813215838445745e-07,2.438668178013393,8.203274603787071e-07,410059888.02241546,7,2.479540492466518
wc_bloom_filter_add_unique_size_u64,0,NVIDIA A100-SXM4-40GB,U64,U64,512,16,1000000000,16,No,7,2.481606727,0.005953702460788006,2.4815911342075894,0.005954114818984902,402967268.14319295,7,2.440618129185268
wc_bloom_filter_add_unique_size_u64,0,NVIDIA A100-SXM4-40GB,U64,U64,512,16,1000000000,32,No,7,2.4467533562857144,9.268110961535929e-07,2.4467388741629463,9.322320181057546e-07,408707284.03418607,7,2.4440302385602677
wc_bloom_filter_add_unique_size_u64,0,NVIDIA A100-SXM4-40GB,U64,U64,512,16,1000000000,64,No,7,2.4053129230000003,0.0052156965330700375,2.4052996303013394,0.005215638377273191,415748619.17503333,7,2.391913818359375
wc_bloom_filter_add_unique_size_u64,0,NVIDIA A100-SXM4-40GB,U64,U64,512,16,1000000000,128,No,7,2.387692419571429,0.002100683765941125,2.387678920200893,0.002100487969618334,418816781.2428744,7,2.3853580147879465
wc_bloom_filter_add_unique_size_u64,0,NVIDIA A100-SXM4-40GB,U64,U64,512,16,1000000000,256,No,7,2.3686864430000005,0.00020454938154523754,2.3686730957031252,0.0002045842154569586,422177294.8804303,7,2.3924240025111603
wc_bloom_filter_add_unique_size_u64,0,NVIDIA A100-SXM4-40GB,U64,U64,512,16,1000000000,512,No,7,2.394329364,2.5829242502580443e-06,2.394315883091518,2.0430947264549724e-06,417655835.24794126,7,2.3942967354910714
wc_bloom_filter_add_unique_size_u64,0,NVIDIA A100-SXM4-40GB,U64,U64,512,16,1000000000,1024,No,7,2.394356160142858,5.226311384589415e-06,2.3943412039620533,5.3438372934542545e-06,417651418.41323316,7,2.394334158761161
wc_bloom_filter_add_unique_size_u64,0,NVIDIA A100-SXM4-40GB,U64,U64,512,16,1000000000,2048,No,7,2.3943864957142855,4.636625513957244e-06,2.3943739885602677,4.410639263103333e-06,417645699.78531134,7,2.394346330915179
wc_bloom_filter_add_unique_size_u64,0,NVIDIA A100-SXM4-40GB,U64,U64,1024,1,1000000000,1,No,11,0.790309067909091,5.803968283798805e-06,0.7902941561612217,6.1591719824994645e-06,1265351631.6726983,12,0.7902936808268229
wc_bloom_filter_add_unique_size_u64,0,NVIDIA A100-SXM4-40GB,U64,U64,1024,1,1000000000,2,No,11,0.7903143793636365,3.6242419564623607e-06,0.7902991887872869,3.6847023091546287e-06,1265343573.912177,12,0.7902953796386719
wc_bloom_filter_add_unique_size_u64,0,NVIDIA A100-SXM4-40GB,U64,U64,1024,1,1000000000,4,No,11,0.7903213851818183,9.585712314794547e-06,0.7903064519708807,9.929380518001548e-06,1265331944.976764,12,0.7903006693522135
wc_bloom_filter_add_unique_size_u64,0,NVIDIA A100-SXM4-40GB,U64,U64,1024,1,1000000000,8,No,11,0.7903300109090909,1.2407184995153192e-05,0.7903143532492898,1.2222066722779729e-05,1265319294.6434681,12,0.8032537587483723
wc_bloom_filter_add_unique_size_u64,0,NVIDIA A100-SXM4-40GB,U64,U64,1024,1,1000000000,16,No,11,0.8189229519999999,0.0060569510638187754,0.8189075150923295,0.006056768592489252,1221139117.1410277,12,0.8293851267496745
wc_bloom_filter_add_unique_size_u64,0,NVIDIA A100-SXM4-40GB,U64,U64,1024,1,1000000000,32,No,11,0.8503225836363636,0.005454364994908635,0.8503053921786221,0.005453674047611954,1176048051.9097211,12,0.8548946838378906
wc_bloom_filter_add_unique_size_u64,0,NVIDIA A100-SXM4-40GB,U64,U64,1024,1,1000000000,64,No,11,0.8572713005454545,4.491438974273176e-06,0.857255476518111,4.50917517924266e-06,1166513399.321367,12,0.8572542266845701
wc_bloom_filter_add_unique_size_u64,0,NVIDIA A100-SXM4-40GB,U64,U64,1024,1,1000000000,128,No,11,0.8608355492727274,0.005409155453689042,0.8608193692294034,0.0054092084108581,1161683897.6278956,12,0.8579892069498697
wc_bloom_filter_add_unique_size_u64,0,NVIDIA A100-SXM4-40GB,U64,U64,1024,1,1000000000,256,No,11,0.8485132684545454,3.51076643356812e-06,0.8484965487393467,4.32849191260924e-06,1178555176.783865,12,0.8484905802408855
wc_bloom_filter_add_unique_size_u64,0,NVIDIA A100-SXM4-40GB,U64,U64,1024,1,1000000000,512,No,11,0.849189629909091,0.0018263692028181202,0.849173778187145,0.0018261652224999846,1177615260.4886665,12,0.8584639129638673
wc_bloom_filter_add_unique_size_u64,0,NVIDIA A100-SXM4-40GB,U64,U64,1024,1,1000000000,1024,No,11,0.8687207464545456,0.0003569329827728377,0.8687039794921876,0.00035707188787407665,1151140116.3196733,12,0.8686078338623048
wc_bloom_filter_add_unique_size_u64,0,NVIDIA A100-SXM4-40GB,U64,U64,1024,1,1000000000,2048,No,11,0.8687551970909091,0.0003602603599054296,0.8687393521395598,0.00036036234356432524,1151093245.0995424,12,0.868643320719401
wc_bloom_filter_add_unique_size_u64,0,NVIDIA A100-SXM4-40GB,U64,U64,1024,16,1000000000,1,No,2,9.8316787525,inf,9.8316748046875,inf,101712070.41176999,2,9.73582421875
wc_bloom_filter_add_unique_size_u64,0,NVIDIA A100-SXM4-40GB,U64,U64,1024,16,1000000000,2,No,2,9.7358371865,inf,9.735833007812499,inf,102713347.60955247,2,9.7337890625
wc_bloom_filter_add_unique_size_u64,0,NVIDIA A100-SXM4-40GB,U64,U64,1024,16,1000000000,4,No,2,9.7358414915,inf,9.73583837890625,inf,102713290.94437398,2,9.724024414062502
wc_bloom_filter_add_unique_size_u64,0,NVIDIA A100-SXM4-40GB,U64,U64,1024,16,1000000000,8,No,2,9.679658728,inf,9.679654785156249,inf,103309469.41759741,2,9.48689501953125
wc_bloom_filter_add_unique_size_u64,0,NVIDIA A100-SXM4-40GB,U64,U64,1024,16,1000000000,16,No,2,9.527023139,inf,9.52701953125,inf,104964621.59228872,2,9.73590625
wc_bloom_filter_add_unique_size_u64,0,NVIDIA A100-SXM4-40GB,U64,U64,1024,16,1000000000,32,No,2,9.6247201355,inf,9.62471630859375,inf,103899166.26499593,2,9.6002041015625
wc_bloom_filter_add_unique_size_u64,0,NVIDIA A100-SXM4-40GB,U64,U64,1024,16,1000000000,64,No,2,9.477079313,inf,9.477076171875,inf,105517775.93259063,2,9.46792236328125
wc_bloom_filter_add_unique_size_u64,0,NVIDIA A100-SXM4-40GB,U64,U64,1024,16,1000000000,128,No,2,9.5480175925,inf,9.5480126953125,inf,104733836.44440898,2,9.541590332031252
wc_bloom_filter_add_unique_size_u64,0,NVIDIA A100-SXM4-40GB,U64,U64,1024,16,1000000000,256,No,2,9.528861257500001,inf,9.528857421875,inf,104944376.40596257,2,9.478494140625
wc_bloom_filter_add_unique_size_u64,0,NVIDIA A100-SXM4-40GB,U64,U64,1024,16,1000000000,512,No,2,9.5328694815,inf,9.532867187499999,inf,104900234.14060074,2,9.61465625
wc_bloom_filter_add_unique_size_u64,0,NVIDIA A100-SXM4-40GB,U64,U64,1024,16,1000000000,1024,No,2,9.5398491825,inf,9.539845703125,inf,104823498.31637493,2,9.76923046875
wc_bloom_filter_add_unique_size_u64,0,NVIDIA A100-SXM4-40GB,U64,U64,1024,16,1000000000,2048,No,2,9.625447859000001,inf,9.625443359375,inf,103891318.31792651,2,9.510505859375002
