Benchmark,Device,Device Name,Key,Word,BlockBits,PatternBitsPerWord,NumInputs,FilterSizeMB,Skipped,FalsePositiveRate,PatternBits,Samples,CPU Time (sec),Noise,GPU Time (sec),Noise,Elem/s (elem/sec),Samples,Batch GPU (sec)
wc_bloom_filter_contains_unique_size_u64,0,NVIDIA A100-SXM4-40GB,U64,U64,32,1,1000000000,1,Yes,,,,,,,,,,
wc_bloom_filter_contains_unique_size_u64,0,NVIDIA A100-SXM4-40GB,U64,U64,32,1,1000000000,2,Yes,,,,,,,,,,
wc_bloom_filter_contains_unique_size_u64,0,NVIDIA A100-SXM4-40GB,U64,U64,32,1,1000000000,4,Yes,,,,,,,,,,
wc_bloom_filter_contains_unique_size_u64,0,NVIDIA A100-SXM4-40GB,U64,U64,32,1,1000000000,8,Yes,,,,,,,,,,
wc_bloom_filter_contains_unique_size_u64,0,NVIDIA A100-SXM4-40GB,U64,U64,32,1,1000000000,16,Yes,,,,,,,,,,
wc_bloom_filter_contains_unique_size_u64,0,NVIDIA A100-SXM4-40GB,U64,U64,32,1,1000000000,32,Yes,,,,,,,,,,
wc_bloom_filter_contains_unique_size_u64,0,NVIDIA A100-SXM4-40GB,U64,U64,32,1,1000000000,64,Yes,,,,,,,,,,
wc_bloom_filter_contains_unique_size_u64,0,NVIDIA A100-SXM4-40GB,U64,U64,32,1,1000000000,128,Yes,,,,,,,,,,
wc_bloom_filter_contains_unique_size_u64,0,NVIDIA A100-SXM4-40GB,U64,U64,32,1,1000000000,256,Yes,,,,,,,,,,
wc_bloom_filter_contains_unique_size_u64,0,NVIDIA A100-SXM4-40GB,U64,U64,32,1,1000000000,512,Yes,,,,,,,,,,
wc_bloom_filter_contains_unique_size_u64,0,NVIDIA A100-SXM4-40GB,U64,U64,32,1,1000000000,1024,Yes,,,,,,,,,,
wc_bloom_filter_contains_unique_size_u64,0,NVIDIA A100-SXM4-40GB,U64,U64,32,1,1000000000,2048,Yes,,,,,,,,,,
wc_bloom_filter_contains_unique_size_u64,0,NVIDIA A100-SXM4-40GB,U64,U64,32,16,1000000000,1,Yes,,,,,,,,,,
wc_bloom_filter_contains_unique_size_u64,0,NVIDIA A100-SXM4-40GB,U64,U64,32,16,1000000000,2,Yes,,,,,,,,,,
wc_bloom_filter_contains_unique_size_u64,0,NVIDIA A100-SXM4-40GB,U64,U64,32,16,1000000000,4,Yes,,,,,,,,,,
wc_bloom_filter_contains_unique_size_u64,0,NVIDIA A100-SXM4-40GB,U64,U64,32,16,1000000000,8,Yes,,,,,,,,,,
wc_bloom_filter_contains_unique_size_u64,0,NVIDIA A100-SXM4-40GB,U64,U64,32,16,1000000000,16,Yes,,,,,,,,,,
wc_bloom_filter_contains_unique_size_u64,0,NVIDIA A100-SXM4-40GB,U64,U64,32,16,1000000000,32,Yes,,,,,,,,,,
wc_bloom_filter_contains_unique_size_u64,0,NVIDIA A100-SXM4-40GB,U64,U64,32,16,1000000000,64,Yes,,,,,,,,,,
wc_bloom_filter_contains_unique_size_u64,0,NVIDIA A100-SXM4-40GB,U64,U64,32,16,1000000000,128,Yes,,,,,,,,,,
wc_bloom_filter_contains_unique_size_u64,0,NVIDIA A100-SXM4-40GB,U64,U64,32,16,1000000000,256,Yes,,,,,,,,,,
wc_bloom_filter_contains_unique_size_u64,0,NVIDIA A100-SXM4-40GB,U64,U64,32,16,1000000000,512,Yes,,,,,,,,,,
wc_bloom_filter_contains_unique_size_u64,0,NVIDIA A100-SXM4-40GB,U64,U64,32,16,1000000000,1024,Yes,,,,,,,,,,
wc_bloom_filter_contains_unique_size_u64,0,NVIDIA A100-SXM4-40GB,U64,U64,32,16,1000000000,2048,Yes,,,,,,,,,,
wc_bloom_filter_contains_unique_size_u64,0,NVIDIA A100-SXM4-40GB,U64,U64,64,1,1000000000,1,No,0.995805696,1,21,0.024273539380952384,6.374188038741771e-05,0.024256121590023945,5.419349284206308e-05,41226706268.29641,22,0.02425190353393555
wc_bloom_filter_contains_unique_size_u64,0,NVIDIA A100-SXM4-40GB,U64,U64,64,1,1000000000,2,No,0.991611392,1,21,0.024261593952380953,0.0003308720052722044,0.024243589764549617,0.0003476562356210169,41248016886.60225,22,0.024251392364501953
wc_bloom_filter_contains_unique_size_u64,0,NVIDIA A100-SXM4-40GB,U64,U64,64,1,1000000000,4,No,0.983222784,1,21,0.024269086857142855,0.0003146045094353548,0.02424963687715076,0.0003370563851067556,41237730901.53984,22,0.02425558107549494
wc_bloom_filter_contains_unique_size_u64,0,NVIDIA A100-SXM4-40GB,U64,U64,64,1,1000000000,8,No,0.966445568,1,21,0.02428471538095238,0.00020052482241908408,0.024266654241652714,0.00022877743593471757,41208812308.51928,22,0.02426507637717507
wc_bloom_filter_contains_unique_size_u64,0,NVIDIA A100-SXM4-40GB,U64,U64,64,1,1000000000,16,No,0.932891136,1,19,0.02755755347368422,0.005905521970040738,0.027539455815365443,0.005887194476744671,36311538132.937874,20,0.02741846942901611
wc_bloom_filter_contains_unique_size_u64,0,NVIDIA A100-SXM4-40GB,U64,U64,64,1,1000000000,32,No,0.865782272,1,14,0.038262347714285716,0.02802383863388721,0.03824398612976075,0.02802479668020739,26147901963.12248,15,0.036912263488769526
wc_bloom_filter_contains_unique_size_u64,0,NVIDIA A100-SXM4-40GB,U64,U64,64,1,1000000000,64,No,0.731564544,1,11,0.057518192272727274,0.04336025550178284,0.05749881016124378,0.04334377560439177,17391664230.88934,12,0.055341396331787106
wc_bloom_filter_contains_unique_size_u64,0,NVIDIA A100-SXM4-40GB,U64,U64,64,1,1000000000,128,No,0.463129088,1,11,0.06913219981818183,0.04216971178837177,0.06911450750177557,0.042177117090209285,14468742325.543009,12,0.06707908248901366
wc_bloom_filter_contains_unique_size_u64,0,NVIDIA A100-SXM4-40GB,U64,U64,64,1,1000000000,256,Yes,,,,,,,,,,
wc_bloom_filter_contains_unique_size_u64,0,NVIDIA A100-SXM4-40GB,U64,U64,64,1,1000000000,512,Yes,,,,,,,,,,
wc_bloom_filter_contains_unique_size_u64,0,NVIDIA A100-SXM4-40GB,U64,U64,64,1,1000000000,1024,Yes,,,,,,,,,,
wc_bloom_filter_contains_unique_size_u64,0,NVIDIA A100-SXM4-40GB,U64,U64,64,1,1000000000,2048,Yes,,,,,,,,,,
wc_bloom_filter_contains_unique_size_u64,0,NVIDIA A100-SXM4-40GB,U64,U64,64,16,1000000000,1,No,0.00092654,16,12,0.042903345333333336,0.0005219036075260843,0.042885717391967774,0.0005258434728190684,23317786452.309498,13,0.042896699465238136
wc_bloom_filter_contains_unique_size_u64,0,NVIDIA A100-SXM4-40GB,U64,U64,64,16,1000000000,2,No,0.000912799,16,12,0.042925050250000006,0.00086217942792429,0.042906026840209964,0.0008520550849997719,23306749043.070015,13,0.04285314031747671
wc_bloom_filter_contains_unique_size_u64,0,NVIDIA A100-SXM4-40GB,U64,U64,64,16,1000000000,4,No,0.000920537,16,12,0.043239469583333336,0.005207275018642034,0.04322133286794027,0.005193829777469267,23136722855.249035,13,0.04306668120164137
wc_bloom_filter_contains_unique_size_u64,0,NVIDIA A100-SXM4-40GB,U64,U64,64,16,1000000000,8,No,0.000915209,16,12,0.043343208166666675,0.0015249078270865607,0.04332407474517822,0.0015037145382672751,23081854739.697483,13,0.04323894911545974
wc_bloom_filter_contains_unique_size_u64,0,NVIDIA A100-SXM4-40GB,U64,U64,64,16,1000000000,16,No,0.000920643,16,12,0.04413470675,0.002599283973151729,0.04411613877614339,0.002608409300163578,22667441615.28407,13,0.04403940494243915
wc_bloom_filter_contains_unique_size_u64,0,NVIDIA A100-SXM4-40GB,U64,U64,64,16,1000000000,32,No,0.00092189,16,11,0.04768204681818182,0.005104621269283619,0.047662638230757275,0.005101775812826626,20980794121.352013,12,0.04729813321431478
wc_bloom_filter_contains_unique_size_u64,0,NVIDIA A100-SXM4-40GB,U64,U64,64,16,1000000000,64,No,0.000914629,16,11,0.0668269820909091,0.030165329307274655,0.06680808812921697,0.030163599284555833,14968247528.141329,12,0.06529825973510742
wc_bloom_filter_contains_unique_size_u64,0,NVIDIA A100-SXM4-40GB,U64,U64,64,16,1000000000,128,No,0.00089505,16,11,0.07732350981818183,0.026661664304845175,0.07730427343195134,0.026648202968507444,12935895463.531784,12,0.07604317855834962
wc_bloom_filter_contains_unique_size_u64,0,NVIDIA A100-SXM4-40GB,U64,U64,64,16,1000000000,256,No,0.000869049,16,11,0.0798718170909091,0.0007746648062746082,0.07985300861705433,0.0007770915976587127,12523009681.396381,12,0.07983573468526203
wc_bloom_filter_contains_unique_size_u64,0,NVIDIA A100-SXM4-40GB,U64,U64,64,16,1000000000,512,No,0.000803748,16,11,0.07993615190909091,0.02826583711717383,0.07991845148259943,0.02827006763290794,12512754957.692455,12,0.078827605565389
wc_bloom_filter_contains_unique_size_u64,0,NVIDIA A100-SXM4-40GB,U64,U64,64,16,1000000000,1024,No,0.000680026,16,11,0.07960437254545455,0.03949293186524497,0.07958574468439275,0.03949588547369787,12565064308.509336,12,0.07768789354960123
wc_bloom_filter_contains_unique_size_u64,0,NVIDIA A100-SXM4-40GB,U64,U64,64,16,1000000000,2048,No,0.000429538,16,11,0.08012573745454545,0.04049500928197667,0.08010779848965731,0.04049781175342907,12483179151.766474,12,0.07824836349487305
wc_bloom_filter_contains_unique_size_u64,0,NVIDIA A100-SXM4-40GB,U64,U64,128,1,1000000000,1,No,0.226815236,2,12,0.04428831016666667,0.0035501404711194284,0.044271530787150064,0.0035617346348675396,22587879438.997234,13,0.04414077993539664
wc_bloom_filter_contains_unique_size_u64,0,NVIDIA A100-SXM4-40GB,U64,U64,128,1,1000000000,2,No,0.226328884,2,12,0.04433553641666666,0.003000338392350991,0.04431931781768798,0.0029864298289619087,22563524197.588097,13,0.04415243882399338
wc_bloom_filter_contains_unique_size_u64,0,NVIDIA A100-SXM4-40GB,U64,U64,128,1,1000000000,4,No,0.225303361,2,12,0.044346358499999995,0.0030316206636305113,0.04433015473683675,0.0030187668943231086,22558008333.975796,13,0.04415968469473031
wc_bloom_filter_contains_unique_size_u64,0,NVIDIA A100-SXM4-40GB,U64,U64,128,1,1000000000,8,No,0.223457592,2,12,0.044360420000000005,0.0030473666868569022,0.044344235102335615,0.003040332801564788,22550845621.584076,13,0.04417268136831431
wc_bloom_filter_contains_unique_size_u64,0,NVIDIA A100-SXM4-40GB,U64,U64,128,1,1000000000,16,No,0.219631814,2,11,0.04557519536363636,0.006445658977380022,0.04555897001786666,0.0064331285619158565,21949574356.220837,12,0.045447593688964845
wc_bloom_filter_contains_unique_size_u64,0,NVIDIA A100-SXM4-40GB,U64,U64,128,1,1000000000,32,No,0.212018847,2,11,0.053360436636363646,0.014755371849103633,0.05334230110862038,0.014760286989246278,18746847796.53038,12,0.052507905324300136
wc_bloom_filter_contains_unique_size_u64,0,NVIDIA A100-SXM4-40GB,U64,U64,128,1,1000000000,64,No,0.196772504,2,11,0.06392629027272728,0.02995248990693785,0.06391007440740411,0.02994702859084017,15646985381.76241,12,0.06222071361541748
wc_bloom_filter_contains_unique_size_u64,0,NVIDIA A100-SXM4-40GB,U64,U64,128,1,1000000000,128,No,0.166252252,2,11,0.07220491636363637,0.036086756763641606,0.07218892739035866,0.03609240182398792,13852539941.375511,12,0.07054916254679362
wc_bloom_filter_contains_unique_size_u64,0,NVIDIA A100-SXM4-40GB,U64,U64,128,1,1000000000,256,No,0.105252505,2,11,0.077026937,0.03530627201403156,0.07701112989945846,0.035305821817175925,12985136061.573769,12,0.07547127469380696
wc_bloom_filter_contains_unique_size_u64,0,NVIDIA A100-SXM4-40GB,U64,U64,128,1,1000000000,512,Yes,,,,,,,,,,
wc_bloom_filter_contains_unique_size_u64,0,NVIDIA A100-SXM4-40GB,U64,U64,128,1,1000000000,1024,Yes,,,,,,,,,,
wc_bloom_filter_contains_unique_size_u64,0,NVIDIA A100-SXM4-40GB,U64,U64,128,1,1000000000,2048,Yes,,,,,,,,,,
wc_bloom_filter_contains_unique_size_u64,0,NVIDIA A100-SXM4-40GB,U64,U64,128,16,1000000000,1,No,3.6264e-05,32,11,0.1670903340909091,0.003340147895735424,0.16707258189808238,0.0033403631286301632,5985422554.911015,12,0.1686057815551758
wc_bloom_filter_contains_unique_size_u64,0,NVIDIA A100-SXM4-40GB,U64,U64,128,16,1000000000,2,No,3.794e-05,32,11,0.16862633445454547,0.00015596128962089945,0.16860904624245385,0.00015471150648810734,5930879880.324068,12,0.16860014470418297
wc_bloom_filter_contains_unique_size_u64,0,NVIDIA A100-SXM4-40GB,U64,U64,128,16,1000000000,4,No,3.885e-05,32,11,0.16862982136363638,0.00014836225602589,0.16861119218306106,0.00014837289219858242,5930804397.10254,12,0.1686004015604655
wc_bloom_filter_contains_unique_size_u64,0,NVIDIA A100-SXM4-40GB,U64,U64,128,16,1000000000,8,No,3.9456e-05,32,11,0.16863603963636367,0.00015223609565101766,0.16862059298428622,0.000152173932916749,5930473747.61154,12,0.16861055882771805
wc_bloom_filter_contains_unique_size_u64,0,NVIDIA A100-SXM4-40GB,U64,U64,128,16,1000000000,16,No,3.9747e-05,32,11,0.1707198002727273,0.00452150437380326,0.1707043387673118,0.00451881335128842,5858081916.494849,12,0.17111236190795898
wc_bloom_filter_contains_unique_size_u64,0,NVIDIA A100-SXM4-40GB,U64,U64,128,16,1000000000,32,No,4.0276e-05,32,11,0.1759284409090909,0.00024383045351112349,0.1759116543856534,0.00024391310291001925,5684671680.7499695,12,0.17589930470784507
wc_bloom_filter_contains_unique_size_u64,0,NVIDIA A100-SXM4-40GB,U64,U64,128,16,1000000000,64,No,4.0482e-05,32,11,0.17803570509090913,0.0011879055916951841,0.17801970048384233,0.0011865355251399776,5617355816.699418,12,0.17809442520141602
wc_bloom_filter_contains_unique_size_u64,0,NVIDIA A100-SXM4-40GB,U64,U64,128,16,1000000000,128,No,4.0731e-05,32,11,0.17821274836363635,6.679249345830488e-05,0.17819601579145952,6.31252500365717e-05,5611797747.320496,12,0.17819033686319985
wc_bloom_filter_contains_unique_size_u64,0,NVIDIA A100-SXM4-40GB,U64,U64,128,16,1000000000,256,No,3.9366e-05,32,11,0.18026587472727276,0.00032491248852837683,0.18024950755726207,0.00032253106291102413,5547865364.804493,12,0.18023108418782552
wc_bloom_filter_contains_unique_size_u64,0,NVIDIA A100-SXM4-40GB,U64,U64,128,16,1000000000,512,No,3.8429e-05,32,11,0.1802938755454546,0.00035746533399741567,0.1802769706032493,0.0003567188001472679,5547020213.695426,12,0.18025583267211917
wc_bloom_filter_contains_unique_size_u64,0,NVIDIA A100-SXM4-40GB,U64,U64,128,16,1000000000,1024,No,3.5761e-05,32,11,0.18030759436363636,0.00038615669465177026,0.18029139709472652,0.0003847830882196037,5546576354.248296,12,0.18026837539672855
wc_bloom_filter_contains_unique_size_u64,0,NVIDIA A100-SXM4-40GB,U64,U64,128,16,1000000000,2048,No,3.0273e-05,32,11,0.18042034690909092,0.00231333201397665,0.1804033896706321,0.002311475107517614,5543133096.477456,12,0.18027502950032556
wc_bloom_filter_contains_unique_size_u64,0,NVIDIA A100-SXM4-40GB,U64,U64,256,1,1000000000,1,No,0.033122905,4,11,0.09854451745454545,0.0026731008042923583,0.09852844238281251,0.00266549241100872,10149353585.78694,12,0.09837200927734374
wc_bloom_filter_contains_unique_size_u64,0,NVIDIA A100-SXM4-40GB,U64,U64,256,1,1000000000,2,No,0.033049174,4,11,0.09852095745454546,0.0024721724370106437,0.09850461023504085,0.0024676888496416322,10151809114.455761,12,0.09837619209289551
wc_bloom_filter_contains_unique_size_u64,0,NVIDIA A100-SXM4-40GB,U64,U64,256,1,1000000000,4,No,0.033000798,4,11,0.09853066272727272,0.0024937497003342636,0.09851429263028232,0.0024934603341467774,10150811352.347973,12,0.09838489596048992
wc_bloom_filter_contains_unique_size_u64,0,NVIDIA A100-SXM4-40GB,U64,U64,256,1,1000000000,8,No,0.032879119,4,11,0.09868768845454547,0.005503996791622122,0.09867161698774861,0.0054957280053769915,10134626658.891819,12,0.09840358352661133
wc_bloom_filter_contains_unique_size_u64,0,NVIDIA A100-SXM4-40GB,U64,U64,256,1,1000000000,16,No,0.032602182,4,11,0.10094422663636365,0.0044533206588850014,0.10092776697332209,0.0044446303308499765,9908076141.864178,12,0.1006989657084147
wc_bloom_filter_contains_unique_size_u64,0,NVIDIA A100-SXM4-40GB,U64,U64,256,1,1000000000,32,No,0.032037499,4,11,0.10700268409090909,0.0034040454470626127,0.10698575175892223,0.0033990238471965696,9347039054.820713,12,0.10686865043640136
wc_bloom_filter_contains_unique_size_u64,0,NVIDIA A100-SXM4-40GB,U64,U64,256,1,1000000000,64,No,0.030937448,4,11,0.11037305281818183,0.004210830750453398,0.110356294111772,0.004210656105995113,9061558364.647253,12,0.11020782725016276
wc_bloom_filter_contains_unique_size_u64,0,NVIDIA A100-SXM4-40GB,U64,U64,256,1,1000000000,128,No,0.028709602,4,11,0.11300132190909093,0.008506155749865175,0.112984995061701,0.008503140627294075,8850732784.949903,12,0.11254818089803059
wc_bloom_filter_contains_unique_size_u64,0,NVIDIA A100-SXM4-40GB,U64,U64,256,1,1000000000,256,No,0.024257843,4,11,0.11350702690909094,0.006440980195023155,0.11348954772949217,0.006438130672689467,8811384131.898634,12,0.11325798352559407
wc_bloom_filter_contains_unique_size_u64,0,NVIDIA A100-SXM4-40GB,U64,U64,256,1,1000000000,512,No,0.015346345,4,11,0.11497356754545457,0.006574335244311143,0.11495535833185368,0.006572627611004432,8699029036.238531,12,0.11472827720642088
wc_bloom_filter_contains_unique_size_u64,0,NVIDIA A100-SXM4-40GB,U64,U64,256,1,1000000000,1024,Yes,,,,,,,,,,
wc_bloom_filter_contains_unique_size_u64,0,NVIDIA A100-SXM4-40GB,U64,U64,256,1,1000000000,2048,Yes,,,,,,,,,,
wc_bloom_filter_contains_unique_size_u64,0,NVIDIA A100-SXM4-40GB,U64,U64,256,16,1000000000,1,No,7.91e-07,64,11,0.6194197653636363,1.6986914318463387e-06,0.6194018721147018,2.1153018541405508e-06,1614460732.2317207,12,0.6213563791910808
wc_bloom_filter_contains_unique_size_u64,0,NVIDIA A100-SXM4-40GB,U64,U64,256,16,1000000000,2,No,4.49e-07,64,11,0.6224449452727273,0.0022865700910910643,0.6224286277077414,0.002287433135378496,1606609907.5210683,12,0.6195531158447265
wc_bloom_filter_contains_unique_size_u64,0,NVIDIA A100-SXM4-40GB,U64,U64,256,16,1000000000,4,No,1.656e-06,64,11,0.6194303736363636,6.6915440441271535e-06,0.6194145285866478,6.888321032820971e-06,1614427744.0210435,12,0.6194122212727865
wc_bloom_filter_contains_unique_size_u64,0,NVIDIA A100-SXM4-40GB,U64,U64,256,16,1000000000,8,No,7.23e-07,64,11,0.6194224121818181,9.730588289591393e-06,0.6194066217595879,9.625761443064463e-06,1614448352.455833,12,0.6194034322102866
wc_bloom_filter_contains_unique_size_u64,0,NVIDIA A100-SXM4-40GB,U64,U64,256,16,1000000000,16,No,7.1e-07,64,11,0.6194546773636364,6.220182773715715e-06,0.6194387373490767,5.790201921758003e-06,1614364649.3268354,12,0.6194373118082682
wc_bloom_filter_contains_unique_size_u64,0,NVIDIA A100-SXM4-40GB,U64,U64,256,16,1000000000,32,No,1.156e-06,64,11,0.6267477814545455,1.0514897963668164e-05,0.6267310125177556,1.0972696371642416e-05,1595580847.3282938,12,0.6267208506266276
wc_bloom_filter_contains_unique_size_u64,0,NVIDIA A100-SXM4-40GB,U64,U64,256,16,1000000000,64,No,6.84e-07,64,11,0.6335212966363636,0.0009719355962151011,0.6335057927911931,0.0009719668219652239,1578517531.1405642,12,0.6338775075276692
wc_bloom_filter_contains_unique_size_u64,0,NVIDIA A100-SXM4-40GB,U64,U64,256,16,1000000000,128,No,8.91e-07,64,11,0.6339454482727274,3.168896431483356e-06,0.6339294433593751,2.8043968280538392e-06,1577462619.0269873,12,0.6339093373616537
wc_bloom_filter_contains_unique_size_u64,0,NVIDIA A100-SXM4-40GB,U64,U64,256,16,1000000000,256,No,8.31e-07,64,11,0.6339279862727273,0.00014409466911799654,0.6339126032049006,0.00014405969883451173,1577504524.9838145,12,0.6339004618326823
wc_bloom_filter_contains_unique_size_u64,0,NVIDIA A100-SXM4-40GB,U64,U64,256,16,1000000000,512,No,8.86e-07,64,11,0.6339838155454547,4.066900502934413e-06,0.633968172940341,3.632345748088217e-06,1577366250.6778617,12,0.6339056701660156
wc_bloom_filter_contains_unique_size_u64,0,NVIDIA A100-SXM4-40GB,U64,U64,256,16,1000000000,1024,No,8.98e-07,64,11,0.6339826617272728,1.985790204226794e-06,0.6339673350941051,2.039492010405581e-06,1577368335.3126729,12,0.6339735056559245
wc_bloom_filter_contains_unique_size_u64,0,NVIDIA A100-SXM4-40GB,U64,U64,256,16,1000000000,2048,No,8.27e-07,64,11,0.633993089909091,3.15865253303814e-06,0.6339770174893467,3.4525447040008305e-06,1577344245.001443,12,0.6339727274576822
wc_bloom_filter_contains_unique_size_u64,0,NVIDIA A100-SXM4-40GB,U64,U64,512,1,1000000000,1,No,0.000544458,8,11,0.260883683,7.208218667533078e-06,0.26086791159889916,7.402113329657128e-06,3833357632.492428,12,0.2608680979410808
wc_bloom_filter_contains_unique_size_u64,0,NVIDIA A100-SXM4-40GB,U64,U64,512,1,1000000000,2,No,0.000546531,8,11,0.2608743259090909,1.3875122711201587e-05,0.2608592557040128,1.418407013847378e-05,3833484831.892116,12,0.260856575012207
wc_bloom_filter_contains_unique_size_u64,0,NVIDIA A100-SXM4-40GB,U64,U64,512,1,1000000000,4,No,0.000548053,8,11,0.26086499345454545,2.0398294861238738e-05,0.2608485495827415,2.1543711625564215e-05,3833642171.2891245,12,0.2608437754313151
wc_bloom_filter_contains_unique_size_u64,0,NVIDIA A100-SXM4-40GB,U64,U64,512,1,1000000000,8,No,0.000549517,8,11,0.260844458,7.188775135196722e-06,0.2608290016867898,7.415596394649432e-06,3833929484.5778913,12,0.26115225728352864
wc_bloom_filter_contains_unique_size_u64,0,NVIDIA A100-SXM4-40GB,U64,U64,512,1,1000000000,16,No,0.00054983,8,11,0.26418615436363635,6.268865518920794e-06,0.26416993852095166,6.07023623784552e-06,3785442074.13929,12,0.2641615320841471
wc_bloom_filter_contains_unique_size_u64,0,NVIDIA A100-SXM4-40GB,U64,U64,512,1,1000000000,32,No,0.000551192,8,11,0.2717889932727273,0.0024631619859592983,0.27177276333895595,0.0024638824638085464,3679544586.124683,12,0.27030604298909505
wc_bloom_filter_contains_unique_size_u64,0,NVIDIA A100-SXM4-40GB,U64,U64,512,1,1000000000,64,No,0.000550123,8,11,0.2744900966363636,8.893679093781784e-06,0.27447361616654836,7.519708293906657e-06,3643337432.4518247,12,0.2744691212972005
wc_bloom_filter_contains_unique_size_u64,0,NVIDIA A100-SXM4-40GB,U64,U64,512,1,1000000000,128,No,0.000549048,8,11,0.2751447044545455,8.940589840623581e-06,0.27512878695401277,8.851119382354292e-06,3634661465.530861,12,0.2751248219807943
wc_bloom_filter_contains_unique_size_u64,0,NVIDIA A100-SXM4-40GB,U64,U64,512,1,1000000000,256,No,0.000550148,8,11,0.2755643675454546,0.0014129188774839845,0.2755471357865767,0.001412531815203138,3629143148.758925,12,0.27542356872558593
wc_bloom_filter_contains_unique_size_u64,0,NVIDIA A100-SXM4-40GB,U64,U64,512,1,1000000000,512,No,0.00055053,8,11,0.276841435,0.004271329312922574,0.2768251814408736,0.004271238996828693,3612388131.726331,12,0.27557068634033205
wc_bloom_filter_contains_unique_size_u64,0,NVIDIA A100-SXM4-40GB,U64,U64,512,1,1000000000,1024,No,0.000474957,8,11,0.27858324581818183,0.00024950807597771854,0.27856700272993606,0.0002492248926491174,3589800623.189659,12,0.278498903910319
wc_bloom_filter_contains_unique_size_u64,0,NVIDIA A100-SXM4-40GB,U64,U64,512,1,1000000000,2048,Yes,,,,,,,,,,
wc_bloom_filter_contains_unique_size_u64,0,NVIDIA A100-SXM4-40GB,U64,U64,512,16,1000000000,1,No,0,128,7,2.3754008337142856,3.337193438534076e-07,2.3753864746093747,3.4088046632711975e-07,420984126.4522848,7,2.3500126953125
wc_bloom_filter_contains_unique_size_u64,0,NVIDIA A100-SXM4-40GB,U64,U64,512,16,1000000000,2,No,0,128,7,2.359200404285714,0.005036041902117127,2.359186000279018,0.005036239268122536,423875014.46758807,7,2.3753881835937496
wc_bloom_filter_contains_unique_size_u64,0,NVIDIA A100-SXM4-40GB,U64,U64,512,16,1000000000,4,No,3e-09,128,7,2.375159601714286,0.00019093543405994612,2.3751453683035715,0.00019117096528678963,421026861.4902683,7,2.37532470703125
wc_bloom_filter_contains_unique_size_u64,0,NVIDIA A100-SXM4-40GB,U64,U64,512,16,1000000000,8,No,2e-09,128,7,2.358627442571429,0.0006690227675662729,2.358612095424107,0.0006692766932607893,423978153.05877495,7,2.3638512137276786
wc_bloom_filter_contains_unique_size_u64,0,NVIDIA A100-SXM4-40GB,U64,U64,512,16,1000000000,16,No,2e-09,128,7,2.375199573714286,0.00025003209863830946,2.3751858258928573,0.0002498851256622813,421019689.95377004,7,2.3666620744977673
wc_bloom_filter_contains_unique_size_u64,0,NVIDIA A100-SXM4-40GB,U64,U64,512,16,1000000000,32,No,7e-09,128,7,2.3714313152857147,0.0008400938750536422,2.371416817801339,0.0008402295522913886,421688837.0249271,7,2.3730560825892857
wc_bloom_filter_contains_unique_size_u64,0,NVIDIA A100-SXM4-40GB,U64,U64,512,16,1000000000,64,No,2e-09,128,7,2.3746729490000003,0.0005053168652820211,2.3746569824218753,0.0005052109564841723,421113452.3438058,7,2.373946114676339
wc_bloom_filter_contains_unique_size_u64,0,NVIDIA A100-SXM4-40GB,U64,U64,512,16,1000000000,128,No,2e-09,128,7,2.3749631370000004,0.00021912838714322055,2.3749482770647323,0.0002189845259839235,421061801.4957063,7,2.374831996372768
wc_bloom_filter_contains_unique_size_u64,0,NVIDIA A100-SXM4-40GB,U64,U64,512,16,1000000000,256,No,4e-09,128,7,2.375480749571429,4.659018110543701e-05,2.3754647739955357,4.677452281457361e-05,420970250.09467864,7,2.385055454799107
wc_bloom_filter_contains_unique_size_u64,0,NVIDIA A100-SXM4-40GB,U64,U64,512,16,1000000000,512,No,5e-09,128,7,2.3755472562857145,8.928883750940751e-06,2.3755318080357144,8.93036299779602e-06,420958370.9286901,7,2.381498291015625
wc_bloom_filter_contains_unique_size_u64,0,NVIDIA A100-SXM4-40GB,U64,U64,512,16,1000000000,1024,No,6e-09,128,7,2.3993043104285716,0.0005844071475413649,2.3992894810267855,0.000584437938796939,416790057.184782,7,2.3775910295758926
wc_bloom_filter_contains_unique_size_u64,0,NVIDIA A100-SXM4-40GB,U64,U64,512,16,1000000000,2048,No,1.1e-08,128,7,2.400090002142857,0.00037748140776317445,2.40007470703125,0.0003773261618419802,416653697.0996793,7,2.3791544363839288
wc_bloom_filter_contains_unique_size_u64,0,NVIDIA A100-SXM4-40GB,U64,U64,1024,1,1000000000,1,No,5.11e-07,16,11,0.8008963428181819,0.0041046056691763115,0.8008803488991478,0.004104345158008661,1248625966.8807614,12,0.7994547220865886
wc_bloom_filter_contains_unique_size_u64,0,NVIDIA A100-SXM4-40GB,U64,U64,1024,1,1000000000,2,No,4.21e-07,16,11,0.8019534668181817,0.002953110476705592,0.8019369451349433,0.002952316234831587,1246980833.1772623,12,0.8047457275390625
wc_bloom_filter_contains_unique_size_u64,0,NVIDIA A100-SXM4-40GB,U64,U64,1024,1,1000000000,4,No,4.87e-07,16,11,0.8046954893636364,0.0001692380709585594,0.8046802423650569,0.00016949899044266145,1242729655.0252976,12,0.8044545694986979
wc_bloom_filter_contains_unique_size_u64,0,NVIDIA A100-SXM4-40GB,U64,U64,1024,1,1000000000,8,No,4.91e-07,16,11,0.8046570160000002,0.0002536757903297967,0.8046405861594461,0.0002536664285537538,1242790902.1753495,12,0.795994618733724
wc_bloom_filter_contains_unique_size_u64,0,NVIDIA A100-SXM4-40GB,U64,U64,1024,1,1000000000,16,No,4.85e-07,16,11,0.8041043494545456,2.5008733900629467e-06,0.8040887451171875,2.821416745917826e-06,1243643821.7453976,12,0.804086954752604
wc_bloom_filter_contains_unique_size_u64,0,NVIDIA A100-SXM4-40GB,U64,U64,1024,1,1000000000,32,No,5.43e-07,16,11,0.8046181933636365,9.540958432380849e-06,0.8046019453568891,9.578988740678206e-06,1242850586.8904407,12,0.8046056009928385
wc_bloom_filter_contains_unique_size_u64,0,NVIDIA A100-SXM4-40GB,U64,U64,1024,1,1000000000,64,No,5.06e-07,16,11,0.8144747605454546,0.00023396476008536395,0.8144592507102272,0.0002336618535483685,1227808511.1415668,12,0.8145619659423828
wc_bloom_filter_contains_unique_size_u64,0,NVIDIA A100-SXM4-40GB,U64,U64,1024,1,1000000000,128,No,4.92e-07,16,11,0.8150382030000002,2.1590166499965323e-06,0.815022177956321,1.821257364449987e-06,1226960476.7167358,12,0.8150205434163412
wc_bloom_filter_contains_unique_size_u64,0,NVIDIA A100-SXM4-40GB,U64,U64,1024,1,1000000000,256,No,4.93e-07,16,11,0.8162365013636365,0.001405836414926454,0.8162210915305398,0.0014055448315659894,1225158244.9613578,12,0.8156335805257161
wc_bloom_filter_contains_unique_size_u64,0,NVIDIA A100-SXM4-40GB,U64,U64,1024,1,1000000000,512,No,5.11e-07,16,11,0.824101855090909,0.001670425765026022,0.8240846613103693,0.0016695664502643793,1213467556.124524,12,0.8244996185302732
wc_bloom_filter_contains_unique_size_u64,0,NVIDIA A100-SXM4-40GB,U64,U64,1024,1,1000000000,1024,No,5.28e-07,16,11,0.8392249110000001,0.00586459448977147,0.8392076582475141,0.005864480682889391,1191600184.021512,12,0.8517330780029296
wc_bloom_filter_contains_unique_size_u64,0,NVIDIA A100-SXM4-40GB,U64,U64,1024,1,1000000000,2048,No,4.93e-07,16,11,0.8533411548181818,2.2161186823997513e-06,0.8533246293501421,1.6817325848854636e-06,1171886953.2238393,12,0.8594668375651041
wc_bloom_filter_contains_unique_size_u64,0,NVIDIA A100-SXM4-40GB,U64,U64,1024,16,1000000000,1,No,0,256,2,9.6800835815,inf,9.6800732421875,inf,103305003.48301293,2,9.60342724609375
wc_bloom_filter_contains_unique_size_u64,0,NVIDIA A100-SXM4-40GB,U64,U64,1024,16,1000000000,2,No,0,256,2,9.6491700065,inf,9.64916162109375,inf,103635946.75561546,2,9.805165039062501
wc_bloom_filter_contains_unique_size_u64,0,NVIDIA A100-SXM4-40GB,U64,U64,1024,16,1000000000,4,No,0,256,2,9.612938107000002,inf,9.61292919921875,inf,104026564.56486446,2,9.602963867187501
wc_bloom_filter_contains_unique_size_u64,0,NVIDIA A100-SXM4-40GB,U64,U64,1024,16,1000000000,8,No,0,256,2,9.420251043,inf,9.420243164062502,inf,106154372.30059226,2,9.464378906250001
wc_bloom_filter_contains_unique_size_u64,0,NVIDIA A100-SXM4-40GB,U64,U64,1024,16,1000000000,16,No,0,256,2,9.646856211500001,inf,9.6468466796875,inf,103660816.14063697,2,9.46889599609375
wc_bloom_filter_contains_unique_size_u64,0,NVIDIA A100-SXM4-40GB,U64,U64,1024,16,1000000000,32,No,0,256,2,9.383196674,inf,9.3831884765625,inf,106573581.30424623,2,9.40037109375
wc_bloom_filter_contains_unique_size_u64,0,NVIDIA A100-SXM4-40GB,U64,U64,1024,16,1000000000,64,No,0,256,2,9.4441281405,inf,9.44411767578125,inf,105886016.49515942,2,9.4896025390625
wc_bloom_filter_contains_unique_size_u64,0,NVIDIA A100-SXM4-40GB,U64,U64,1024,16,1000000000,128,No,0,256,2,9.552124739,inf,9.55211474609375,inf,104688859.64848159,2,9.49836962890625
wc_bloom_filter_contains_unique_size_u64,0,NVIDIA A100-SXM4-40GB,U64,U64,1024,16,1000000000,256,No,0,256,2,9.3968234645,inf,9.3968125,inf,106419064.97549036,2,9.35461328125
wc_bloom_filter_contains_unique_size_u64,0,NVIDIA A100-SXM4-40GB,U64,U64,1024,16,1000000000,512,No,0,256,2,9.283415138,inf,9.283407226562499,inf,107719070.76732692,2,9.2017705078125
wc_bloom_filter_contains_unique_size_u64,0,NVIDIA A100-SXM4-40GB,U64,U64,1024,16,1000000000,1024,No,0,256,2,9.22267986,inf,9.2226728515625,inf,108428436.75524938,2,9.20104150390625
wc_bloom_filter_contains_unique_size_u64,0,NVIDIA A100-SXM4-40GB,U64,U64,1024,16,1000000000,2048,No,0,256,2,9.20001897,inf,9.20001171875,inf,108695513.72004876,2,9.21983837890625
